presion_aceite,voltaje_bateria,voltaje_alternador,temp_vacio,temp_carga,nivel_refrigerante,F01,F02,F03,F04,F05,F06,F07,F08,F09,F10,F11
1.5,10.76,12.59,69.67,70.66,1,1,0,0,0,0,0,0,0,0,0,0
3.92,17.71,14.44,71.34,73.16,1,0,0,0,1,0,0,0,0,0,0,0
2.4,11.08,15.6,61.28,79.8,1,0,0,0,0,0,0,0,0,0,0,0
6.21,10.62,13.34,60.96,76.22,0,0,0,0,0,0,0,0,0,0,0,1
3.07,12.55,13.92,50.87,71.17,1,0,0,0,0,0,0,0,0,0,0,0
6.01,11.16,13.67,64.35,72.38,1,0,0,0,0,0,0,0,0,0,0,0
5.54,17.09,13.55,70.55,70.19,1,0,0,0,1,0,0,0,0,0,0,0
6.83,12.51,11.41,20.81,106.24,0,0,0,0,0,1,0,1,0,0,1,1
6.77,13.48,13.12,66.48,83.55,1,0,0,0,0,0,0,0,0,0,0,0
6.43,15.92,11.8,67.63,103.58,1,0,0,0,1,1,0,0,0,0,1,0
3.42,10.57,15.55,112.91,80.91,1,0,0,0,0,0,0,0,1,0,0,0
6.03,10.53,13.91,58.94,119.02,1,0,0,0,0,0,0,0,0,0,1,0
9.6,13.35,15.61,59.6,55.9,1,0,1,0,0,0,0,0,0,1,0,0
3.2,10.45,14.47,67.74,82.51,1,0,0,0,0,0,0,0,0,0,0,0
4.41,11.34,14.16,72.93,102.15,1,0,0,0,0,0,0,0,0,0,1,0
3.59,11.83,13.23,68.08,85.47,1,0,0,0,0,0,0,0,0,0,0,0
4.44,10.22,12.4,70.27,73.68,1,0,0,0,0,0,0,0,0,0,0,0
3.25,10.78,14.32,64.34,86.31,1,0,0,0,0,0,0,0,0,0,0,0
4.19,13.78,14.01,56.3,89.65,1,0,0,0,0,0,0,0,0,0,0,0
5.7,12.21,8.67,54.36,74.07,1,0,0,0,0,1,0,0,0,0,0,0
1.75,13.01,13.94,71.33,89.5,1,1,0,0,0,0,0,0,0,0,0,0
2.44,11.91,13.06,54.36,70.13,1,0,0,0,0,0,0,0,0,0,0,0
3.92,13.7,14.61,52.71,89.12,1,0,0,0,0,0,0,0,0,0,0,0
5.58,10.83,14.99,21.56,72.86,1,0,0,0,0,0,0,1,0,0,0,0
3.95,11.77,13.13,76.66,45.19,1,0,0,0,0,0,0,0,1,1,0,0
5.99,13.26,13.43,63.0,73.76,1,0,0,0,0,0,0,0,0,0,0,0
3.72,10.13,13.89,56.3,85.98,1,0,0,0,0,0,0,0,0,0,0,0
5.44,11.59,14.32,66.03,87.13,1,0,0,0,0,0,0,0,0,0,0,0
2.78,10.56,14.41,63.08,84.22,1,0,0,0,0,0,0,0,0,0,0,0
5.53,11.81,12.7,51.22,74.01,1,0,0,0,0,0,0,0,0,0,0,0
3.04,10.79,14.74,59.54,72.28,1,0,0,0,0,0,0,0,0,0,0,0
1.19,12.41,14.92,29.78,88.02,1,1,0,0,0,0,0,1,0,0,0,0
2.82,12.65,15.49,75.75,86.39,1,0,0,0,0,0,0,0,0,0,0,0
5.09,12.48,14.16,72.96,78.29,1,0,0,0,0,0,0,0,0,0,0,0
6.23,16.42,14.31,70.04,56.25,1,0,0,0,1,0,0,0,0,1,0,0
3.56,12.97,13.14,72.5,52.42,1,0,0,0,0,0,0,0,0,1,0,0
2.39,12.98,15.31,67.35,72.56,1,0,0,0,0,0,0,0,0,0,0,0
2.14,12.65,12.93,73.92,73.43,1,0,0,0,0,0,0,0,0,0,0,0
4.52,11.78,14.69,73.97,78.11,1,0,0,0,0,0,0,0,0,0,0,0
6.29,13.79,15.0,96.95,88.67,1,0,0,0,0,0,0,0,1,0,0,0
3.41,11.64,15.35,67.78,85.34,1,0,0,0,0,0,0,0,0,0,0,0
2.59,11.99,15.86,58.25,73.96,1,0,0,0,0,0,0,0,0,0,0,0
3.54,13.35,15.41,65.38,87.47,1,0,0,0,0,0,0,0,0,0,0,0
5.16,12.58,14.18,55.05,88.65,1,0,0,0,0,0,0,0,0,0,0,0
6.89,13.78,13.3,54.18,87.01,1,0,0,0,0,0,0,0,0,0,0,0
8.8,10.98,13.86,62.26,76.1,1,0,1,0,0,0,0,0,0,0,0,0
5.38,12.46,12.46,69.0,89.68,1,0,0,0,0,0,0,0,0,0,0,0
1.54,12.34,14.09,67.29,79.79,1,1,0,0,0,0,0,0,0,0,0,0
2.11,13.41,13.99,59.88,74.96,1,0,0,0,0,0,0,0,0,0,0,0
6.17,11.25,13.22,56.0,77.62,1,0,0,0,0,0,0,0,0,0,0,0
3.93,11.47,14.31,57.73,76.06,1,0,0,0,0,0,0,0,0,0,0,0
6.53,11.71,13.98,64.32,71.93,1,0,0,0,0,0,0,0,0,0,0,0
6.7,12.4,15.14,71.56,77.11,1,0,0,0,0,0,0,0,0,0,0,0
5.35,13.03,15.78,63.03,80.14,1,0,0,0,0,0,0,0,0,0,0,0
2.47,11.18,15.05,73.78,81.91,1,0,0,0,0,0,0,0,0,0,0,0
4.7,10.62,15.13,65.84,87.77,1,0,0,0,0,0,0,0,0,0,0,0
5.06,13.36,13.63,70.92,80.12,1,0,0,0,0,0,0,0,0,0,0,0
3.61,7.72,13.69,58.57,71.23,1,0,0,1,0,0,0,0,0,0,0,0
4.01,11.98,15.75,22.22,89.23,0,0,0,0,0,0,0,1,0,0,0,1
2.29,10.72,12.29,54.58,84.8,1,0,0,0,0,0,0,0,0,0,0,0
5.71,12.33,15.64,73.14,77.11,1,0,0,0,0,0,0,0,0,0,0,0
6.52,13.25,15.87,67.29,82.47,0,0,0,0,0,0,0,0,0,0,0,1
5.95,13.2,15.39,28.45,83.86,1,0,0,0,0,0,0,1,0,0,0,0
4.0,13.08,13.75,65.75,70.93,1,0,0,0,0,0,0,0,0,0,0,0
5.72,13.67,14.68,75.89,84.82,1,0,0,0,0,0,0,0,0,0,0,0
5.05,13.88,14.01,62.47,74.39,1,0,0,0,0,0,0,0,0,0,0,0
2.95,6.5,12.52,63.16,87.86,1,0,0,1,0,0,0,0,0,0,0,0
4.01,12.58,13.38,71.66,72.58,1,0,0,0,0,0,0,0,0,0,0,0
5.95,10.77,12.64,50.23,74.82,1,0,0,0,0,0,0,0,0,0,0,0
6.48,13.65,14.78,56.61,85.87,1,0,0,0,0,0,0,0,0,0,0,0
3.13,12.79,12.3,74.55,79.8,1,0,0,0,0,0,0,0,0,0,0,0
4.82,10.37,15.23,61.75,80.03,1,0,0,0,0,0,0,0,0,0,0,0
3.74,13.14,15.12,75.04,86.58,1,0,0,0,0,0,0,0,0,0,0,0
4.65,11.89,9.1,64.93,76.79,1,0,0,0,0,1,0,0,0,0,0,0
6.23,12.52,14.78,65.02,82.93,1,0,0,0,0,0,0,0,0,0,0,0
5.72,11.18,13.47,55.66,72.47,1,0,0,0,0,0,0,0,0,0,0,0
4.29,11.65,12.99,50.33,82.59,1,0,0,0,0,0,0,0,0,0,0,0
5.16,10.11,13.67,60.56,44.86,1,0,0,0,0,0,0,0,0,1,0,0
5.62,13.2,15.47,55.65,86.15,0,0,0,0,0,0,0,0,0,0,0,1
4.52,12.21,15.57,64.56,86.58,1,0,0,0,0,0,0,0,0,0,0,0
4.68,13.73,13.73,50.48,83.72,1,0,0,0,0,0,0,0,0,0,0,0
6.89,13.56,14.5,56.92,74.11,1,0,0,0,0,0,0,0,0,0,0,0
4.26,12.25,13.97,66.54,72.2,1,0,0,0,0,0,0,0,0,0,0,0
4.03,12.88,13.29,68.37,85.91,1,0,0,0,0,0,0,0,0,0,0,0
6.38,11.41,12.16,69.2,86.26,0,0,0,0,0,0,0,0,0,0,0,1
5.79,13.08,14.61,59.43,70.98,1,0,0,0,0,0,0,0,0,0,0,0
2.48,13.28,14.84,61.29,89.02,1,0,0,0,0,0,0,0,0,0,0,0
4.1,10.82,14.92,69.36,77.82,1,0,0,0,0,0,0,0,0,0,0,0
2.74,12.32,12.73,66.66,103.65,1,0,0,0,0,0,0,0,0,0,1,0
1.35,13.73,14.87,61.63,84.07,1,1,0,0,0,0,0,0,0,0,0,0
3.44,12.92,13.28,63.09,78.87,1,0,0,0,0,0,0,0,0,0,0,0
4.7,13.08,14.37,56.16,89.26,1,0,0,0,0,0,0,0,0,0,0,0
4.13,12.81,13.95,53.3,75.91,1,0,0,0,0,0,0,0,0,0,0,0
1.67,11.34,18.58,116.32,79.4,1,1,0,0,0,0,1,0,1,0,0,0
6.44,13.42,15.85,50.92,80.12,1,0,0,0,0,0,0,0,0,0,0,0
3.28,12.31,14.21,56.89,85.56,1,0,0,0,0,0,0,0,0,0,0,0
3.01,15.38,14.56,54.22,67.52,1,0,0,0,1,0,0,0,0,1,0,0
6.27,11.15,13.67,64.1,87.6,1,0,0,0,0,0,0,0,0,0,0,0
8.93,9.12,10.16,55.33,71.61,1,0,1,1,0,1,0,0,0,0,0,0
6.28,11.49,12.32,36.42,88.13,1,0,0,0,0,0,0,1,0,0,0,0
4.93,12.54,15.02,62.49,87.87,1,0,0,0,0,0,0,0,0,0,0,0
0.53,13.82,10.36,57.91,111.82,0,1,0,0,0,1,0,0,0,0,1,1
6.65,11.2,15.66,51.55,95.13,1,0,0,0,0,0,0,0,0,0,1,0
6.07,12.23,13.85,75.69,74.26,1,0,0,0,0,0,0,0,0,0,0,0
6.27,10.31,12.25,69.21,93.9,1,0,0,0,0,0,0,0,0,0,1,0
5.19,12.94,14.59,73.79,83.42,1,0,0,0,0,0,0,0,0,0,0,0
2.7,12.2,15.36,59.22,87.95,1,0,0,0,0,0,0,0,0,0,0,0
2.42,11.51,12.6,59.75,85.99,1,0,0,0,0,0,0,0,0,0,0,0
3.74,12.02,15.81,51.78,82.79,1,0,0,0,0,0,0,0,0,0,0,0
5.82,11.98,12.73,75.32,79.14,1,0,0,0,0,0,0,0,0,0,0,0
2.11,13.5,12.9,60.77,74.56,1,0,0,0,0,0,0,0,0,0,0,0
6.26,12.71,13.37,61.67,81.38,1,0,0,0,0,0,0,0,0,0,0,0
4.96,11.95,10.69,74.02,70.33,1,0,0,0,0,1,0,0,0,0,0,0
1.2,12.45,13.51,56.12,75.85,1,1,0,0,0,0,0,0,0,0,0,0
6.15,13.02,15.8,66.01,88.73,1,0,0,0,0,0,0,0,0,0,0,0
5.51,13.58,13.57,105.28,88.27,1,0,0,0,0,0,0,0,1,0,0,0
4.67,11.72,15.46,33.0,75.07,1,0,0,0,0,0,0,1,0,0,0,0
5.68,10.27,13.07,28.41,74.64,1,0,0,0,0,0,0,1,0,0,0,0
5.68,13.11,15.18,99.73,71.21,1,0,0,0,0,0,0,0,1,0,0,0
5.17,11.95,19.7,50.45,83.53,1,0,0,0,0,0,1,0,0,0,0,0
8.12,12.71,8.48,60.01,73.32,1,0,1,0,0,1,0,0,0,0,0,0
5.51,13.74,13.59,72.72,74.39,1,0,0,0,0,0,0,0,0,0,0,0
4.02,13.39,14.39,64.31,74.59,1,0,0,0,0,0,0,0,0,0,0,0
3.65,7.05,12.38,74.18,77.53,1,0,0,1,0,0,0,0,0,0,0,0
3.51,12.89,13.78,61.68,86.93,1,0,0,0,0,0,0,0,0,0,0,0
2.17,12.76,12.23,66.49,71.96,1,0,0,0,0,0,0,0,0,0,0,0
7.7,11.19,14.26,73.64,57.87,1,0,1,0,0,0,0,0,0,1,0,0
2.59,12.85,12.75,50.16,79.24,1,0,0,0,0,0,0,0,0,0,0,0
6.43,11.54,14.85,50.12,74.03,1,0,0,0,0,0,0,0,0,0,0,0
3.7,8.95,11.62,52.59,77.91,0,0,0,1,0,1,0,0,0,0,0,1
3.45,16.02,14.64,61.41,88.37,1,0,0,0,1,0,0,0,0,0,0,0
4.85,12.85,8.54,75.61,76.23,1,0,0,0,0,1,0,0,0,0,0,0
4.58,10.17,12.13,20.72,72.71,1,0,0,0,0,0,0,1,0,0,0,0
5.77,11.57,17.61,68.61,81.02,1,0,0,0,0,0,1,0,0,0,0,0
2.82,13.14,12.77,54.64,71.53,1,0,0,0,0,0,0,0,0,0,0,0
4.02,6.73,14.68,65.0,70.92,1,0,0,1,0,0,0,0,0,0,0,0
3.37,11.24,13.64,65.07,73.52,1,0,0,0,0,0,0,0,0,0,0,0
5.34,10.95,14.14,72.92,70.68,1,0,0,0,0,0,0,0,0,0,0,0
2.35,10.36,14.41,59.87,89.76,1,0,0,0,0,0,0,0,0,0,0,0
4.47,12.59,15.76,69.83,82.55,1,0,0,0,0,0,0,0,0,0,0,0
2.77,15.53,19.39,98.88,70.52,0,0,0,0,1,0,1,0,1,0,0,1
2.4,10.88,12.33,71.56,83.26,1,0,0,0,0,0,0,0,0,0,0,0
4.21,12.75,14.98,57.15,70.53,1,0,0,0,0,0,0,0,0,0,0,0
8.51,10.28,14.59,65.96,87.79,1,0,1,0,0,0,0,0,0,0,0,0
3.82,11.46,8.82,64.51,86.23,1,0,0,0,0,1,0,0,0,0,0,0
3.7,11.98,13.13,71.54,81.62,1,0,0,0,0,0,0,0,0,0,0,0
4.74,11.66,15.87,67.92,84.08,1,0,0,0,0,0,0,0,0,0,0,0
2.96,11.26,14.62,54.89,75.25,1,0,0,0,0,0,0,0,0,0,0,0
6.51,16.09,13.89,50.82,71.03,1,0,0,0,1,0,0,0,0,0,0,0
4.76,10.83,12.28,53.25,84.59,1,0,0,0,0,0,0,0,0,0,0,0
2.13,11.21,13.33,73.83,89.81,1,0,0,0,0,0,0,0,0,0,0,0
6.59,16.59,13.19,57.57,56.06,1,0,0,0,1,0,0,0,0,1,0,0
4.17,11.47,15.58,71.76,76.96,0,0,0,0,0,0,0,0,0,0,0,1
4.13,11.44,14.0,25.34,79.33,1,0,0,0,0,0,0,1,0,0,0,0
4.43,12.82,14.6,57.24,87.91,1,0,0,0,0,0,0,0,0,0,0,0
6.09,11.69,14.15,55.8,85.27,1,0,0,0,0,0,0,0,0,0,0,0
6.13,12.93,13.99,73.71,74.82,1,0,0,0,0,0,0,0,0,0,0,0
5.82,12.67,10.44,66.53,70.49,1,0,0,0,0,1,0,0,0,0,0,0
3.54,12.23,19.1,54.93,84.85,1,0,0,0,0,0,1,0,0,0,0,0
2.79,13.18,15.75,70.98,82.37,1,0,0,0,0,0,0,0,0,0,0,0
3.55,11.26,12.98,67.92,73.93,1,0,0,0,0,0,0,0,0,0,0,0
0.89,13.8,14.37,57.31,76.47,1,1,0,0,0,0,0,0,0,0,0,0
2.19,10.15,12.26,70.77,83.58,1,0,0,0,0,0,0,0,0,0,0,0
8.43,11.73,13.24,75.57,73.0,1,0,1,0,0,0,0,0,0,0,0,0
5.72,12.0,15.61,58.4,84.17,1,0,0,0,0,0,0,0,0,0,0,0
6.47,11.91,13.18,67.0,97.42,1,0,0,0,0,0,0,0,0,0,1,0
6.16,12.99,13.74,64.13,79.74,1,0,0,0,0,0,0,0,0,0,0,0
2.32,13.28,15.66,47.21,75.33,1,0,0,0,0,0,0,1,0,0,0,0
4.19,12.94,12.31,60.74,60.55,1,0,0,0,0,0,0,0,0,1,0,0
3.51,12.91,15.58,58.96,84.24,1,0,0,0,0,0,0,0,0,0,0,0
3.87,10.32,14.9,61.91,86.11,1,0,0,0,0,0,0,0,0,0,0,0
3.58,14.21,15.37,72.04,88.06,1,0,0,0,1,0,0,0,0,0,0,0
0.87,13.12,15.51,68.36,79.71,1,1,0,0,0,0,0,0,0,0,0,0
2.55,10.77,15.47,55.39,87.31,1,0,0,0,0,0,0,0,0,0,0,0
3.05,12.77,12.17,73.02,79.74,1,0,0,0,0,0,0,0,0,0,0,0
4.97,10.5,15.47,64.54,76.27,1,0,0,0,0,0,0,0,0,0,0,0
9.4,9.09,11.35,60.08,76.79,0,0,1,1,0,1,0,0,0,0,0,1
6.2,11.88,14.06,52.21,84.84,1,0,0,0,0,0,0,0,0,0,0,0
5.22,10.6,13.67,52.79,82.15,1,0,0,0,0,0,0,0,0,0,0,0
4.32,13.46,13.5,53.19,81.96,0,0,0,0,0,0,0,0,0,0,0,1
2.81,6.31,13.76,49.21,87.94,0,0,0,1,0,0,0,1,0,0,0,1
1.57,15.74,14.47,59.23,80.41,1,1,0,0,1,0,0,0,0,0,0,0
1.02,10.61,12.66,46.67,45.44,1,1,0,0,0,0,0,1,0,1,0,0
6.1,10.23,13.72,59.73,83.53,1,0,0,0,0,0,0,0,0,0,0,0
4.51,15.8,15.15,58.03,72.77,1,0,0,0,1,0,0,0,0,0,0,0
4.58,12.41,14.62,58.57,76.01,1,0,0,0,0,0,0,0,0,0,0,0
3.19,17.49,12.77,60.35,79.05,1,0,0,0,1,0,0,0,0,0,0,0
4.86,12.37,14.74,68.7,81.68,1,0,0,0,0,0,0,0,0,0,0,0
2.64,13.88,12.82,74.6,72.54,1,0,0,0,0,0,0,0,0,0,0,0
5.24,12.02,12.93,52.89,77.19,1,0,0,0,0,0,0,0,0,0,0,0
2.75,13.47,14.82,51.16,74.99,0,0,0,0,0,0,0,0,0,0,0,1
6.14,11.83,10.33,52.79,87.87,1,0,0,0,0,1,0,0,0,0,0,0
6.79,11.21,13.29,66.48,85.05,1,0,0,0,0,0,0,0,0,0,0,0
5.4,11.93,13.42,58.98,77.69,1,0,0,0,0,0,0,0,0,0,0,0
4.71,16.38,14.98,67.54,76.59,0,0,0,0,1,0,0,0,0,0,0,1
4.79,13.74,12.57,51.78,86.39,1,0,0,0,0,0,0,0,0,0,0,0
2.45,11.06,14.4,50.68,86.35,1,0,0,0,0,0,0,0,0,0,0,0
2.37,12.65,14.74,65.45,76.02,1,0,0,0,0,0,0,0,0,0,0,0
5.86,15.71,12.21,58.89,74.69,1,0,0,0,1,0,0,0,0,0,0,0
9.16,12.03,11.57,26.36,77.83,1,0,1,0,0,1,0,1,0,0,0,0
5.98,11.78,13.47,67.67,89.24,1,0,0,0,0,0,0,0,0,0,0,0
2.92,5.31,15.27,73.3,77.87,1,0,0,1,0,0,0,0,0,0,0,0
2.32,10.69,12.31,54.5,76.43,1,0,0,0,0,0,0,0,0,0,0,0
6.1,12.39,15.43,75.01,74.93,0,0,0,0,0,0,0,0,0,0,0,1
1.04,11.37,15.0,65.09,70.68,1,1,0,0,0,0,0,0,0,0,0,0
6.28,11.89,12.71,52.48,88.71,1,0,0,0,0,0,0,0,0,0,0,0
3.48,11.29,12.24,61.25,60.11,1,0,0,0,0,0,0,0,0,1,0,0
3.98,12.43,13.74,72.0,82.61,1,0,0,0,0,0,0,0,0,0,0,0
3.93,11.21,13.23,118.39,77.48,1,0,0,0,0,0,0,0,1,0,0,0
6.79,13.42,13.03,63.89,86.68,1,0,0,0,0,0,0,0,0,0,0,0
5.44,10.48,14.09,66.35,72.32,1,0,0,0,0,0,0,0,0,0,0,0
1.46,12.45,14.47,63.26,110.66,1,1,0,0,0,0,0,0,0,0,1,0
6.55,11.0,16.73,72.79,74.6,1,0,0,0,0,0,1,0,0,0,0,0
3.78,13.83,14.1,56.96,75.23,1,0,0,0,0,0,0,0,0,0,0,0
5.75,10.41,15.45,60.98,87.67,1,0,0,0,0,0,0,0,0,0,0,0
4.04,13.49,10.82,52.11,125.21,1,0,0,0,0,1,0,0,0,0,1,0
2.45,12.57,15.45,58.26,72.53,0,0,0,0,0,0,0,0,0,0,0,1
6.03,13.4,13.64,75.86,80.16,1,0,0,0,0,0,0,0,0,0,0,0
4.72,13.4,12.87,71.66,75.72,1,0,0,0,0,0,0,0,0,0,0,0
5.52,12.41,13.76,66.52,76.39,1,0,0,0,0,0,0,0,0,0,0,0
6.32,10.43,15.72,51.17,41.21,1,0,0,0,0,0,0,0,0,1,0,0
5.21,10.18,12.21,72.09,71.32,1,0,0,0,0,0,0,0,0,0,0,0
5.76,5.99,14.13,58.09,88.24,0,0,0,1,0,0,0,0,0,0,0,1
1.46,13.72,13.4,62.19,71.06,1,1,0,0,0,0,0,0,0,0,0,0
3.65,13.75,13.63,54.72,73.88,1,0,0,0,0,0,0,0,0,0,0,0
2.17,10.25,12.24,72.57,74.2,1,0,0,0,0,0,0,0,0,0,0,0
2.75,12.4,12.28,61.61,87.19,1,0,0,0,0,0,0,0,0,0,0,0
3.52,10.12,14.05,67.91,78.24,1,0,0,0,0,0,0,0,0,0,0,0
2.2,12.88,15.45,119.29,80.8,1,0,0,0,0,0,0,0,1,0,0,0
4.63,10.46,12.42,71.18,70.23,1,0,0,0,0,0,0,0,0,0,0,0
3.57,11.47,14.67,73.61,73.87,1,0,0,0,0,0,0,0,0,0,0,0
4.73,13.18,15.44,61.31,78.5,1,0,0,0,0,0,0,0,0,0,0,0
4.49,12.13,14.91,63.16,85.26,0,0,0,0,0,0,0,0,0,0,0,1
2.91,11.0,11.47,67.12,88.56,1,0,0,0,0,1,0,0,0,0,0,0
5.93,13.66,12.95,56.2,76.65,1,0,0,0,0,0,0,0,0,0,0,0
6.66,11.44,14.12,58.85,88.98,1,0,0,0,0,0,0,0,0,0,0,0
5.83,11.72,13.68,62.89,82.88,1,0,0,0,0,0,0,0,0,0,0,0
4.07,11.6,12.83,68.3,87.16,1,0,0,0,0,0,0,0,0,0,0,0
4.18,11.56,14.72,71.02,74.28,1,0,0,0,0,0,0,0,0,0,0,0
0.78,12.81,13.49,51.04,42.78,1,1,0,0,0,0,0,0,0,1,0,0
5.16,12.88,13.85,110.7,87.13,1,0,0,0,0,0,0,0,1,0,0,0
3.17,10.28,16.25,31.56,101.21,1,0,0,0,0,0,1,1,0,0,1,0
3.64,10.88,14.15,67.59,82.73,1,0,0,0,0,0,0,0,0,0,0,0
5.72,12.8,13.53,72.95,72.9,1,0,0,0,0,0,0,0,0,0,0,0
5.58,10.61,14.93,70.47,88.83,1,0,0,0,0,0,0,0,0,0,0,0
4.3,13.58,15.03,65.69,84.86,1,0,0,0,0,0,0,0,0,0,0,0
3.78,11.77,14.06,61.78,87.06,1,0,0,0,0,0,0,0,0,0,0,0
2.85,11.64,15.26,65.77,80.27,1,0,0,0,0,0,0,0,0,0,0,0
3.64,11.58,9.57,63.29,80.44,1,0,0,0,0,1,0,0,0,0,0,0
2.73,11.71,14.79,21.9,82.17,1,0,0,0,0,0,0,1,0,0,0,0
0.77,16.03,9.35,95.29,80.38,1,1,0,0,1,1,0,0,1,0,0,0
3.65,10.26,15.48,60.17,75.22,1,0,0,0,0,0,0,0,0,0,0,0
2.69,12.62,14.68,69.02,86.71,1,0,0,0,0,0,0,0,0,0,0,0
7.3,13.24,19.25,36.08,60.68,1,0,1,0,0,0,1,1,0,1,0,0
6.48,12.22,14.71,60.56,77.37,1,0,0,0,0,0,0,0,0,0,0,0
2.82,13.39,14.29,70.49,71.19,1,0,0,0,0,0,0,0,0,0,0,0
4.12,12.74,14.15,87.16,77.26,1,0,0,0,0,0,0,0,1,0,0,0
5.3,12.7,10.0,46.33,114.03,1,0,0,0,0,1,0,1,0,0,1,0
3.22,10.76,15.74,73.29,78.57,1,0,0,0,0,0,0,0,0,0,0,0
2.79,10.97,13.02,56.61,87.73,1,0,0,0,0,0,0,0,0,0,0,0
4.75,11.96,14.28,66.46,77.98,1,0,0,0,0,0,0,0,0,0,0,0
3.77,13.71,12.12,52.34,71.78,1,0,0,0,0,0,0,0,0,0,0,0
4.49,10.98,14.76,66.0,72.2,1,0,0,0,0,0,0,0,0,0,0,0
6.55,10.85,13.86,43.67,73.22,1,0,0,0,0,0,0,1,0,0,0,0
5.03,12.43,14.39,53.43,88.28,1,0,0,0,0,0,0,0,0,0,0,0
5.44,11.75,15.79,64.89,83.68,1,0,0,0,0,0,0,0,0,0,0,0
4.54,13.32,15.88,68.79,86.38,1,0,0,0,0,0,0,0,0,0,0,0
6.84,10.9,15.16,62.17,71.73,1,0,0,0,0,0,0,0,0,0,0,0
6.21,12.7,15.61,63.8,71.58,1,0,0,0,0,0,0,0,0,0,0,0
2.3,10.41,13.38,73.69,86.82,1,0,0,0,0,0,0,0,0,0,0,0
5.38,11.91,12.78,51.07,84.8,1,0,0,0,0,0,0,0,0,0,0,0
6.33,11.9,12.24,70.03,83.03,1,0,0,0,0,0,0,0,0,0,0,0
4.55,11.66,14.79,75.61,73.74,1,0,0,0,0,0,0,0,0,0,0,0
3.13,14.19,13.29,58.21,72.75,1,0,0,0,1,0,0,0,0,0,0,0
5.72,7.94,13.47,58.75,75.05,1,0,0,1,0,0,0,0,0,0,0,0
3.25,12.27,13.98,49.88,76.7,1,0,0,0,0,0,0,1,0,0,0,0
2.69,13.26,14.99,60.15,76.93,1,0,0,0,0,0,0,0,0,0,0,0
5.25,12.71,14.96,68.69,76.69,1,0,0,0,0,0,0,0,0,0,0,0
5.69,11.53,15.57,75.72,80.02,1,0,0,0,0,0,0,0,0,0,0,0
3.22,11.63,12.77,71.15,75.49,1,0,0,0,0,0,0,0,0,0,0,0
9.49,12.18,10.62,51.07,86.64,1,0,1,0,0,1,0,0,0,0,0,0
5.53,12.73,12.9,64.7,80.67,1,0,0,0,0,0,0,0,0,0,0,0
6.46,17.43,12.45,50.15,81.52,1,0,0,0,1,0,0,0,0,0,0,0
3.98,11.08,14.54,75.22,106.72,1,0,0,0,0,0,0,0,0,0,1,0
6.0,11.33,15.11,54.17,78.77,1,0,0,0,0,0,0,0,0,0,0,0
4.32,12.92,12.13,71.31,86.87,1,0,0,0,0,0,0,0,0,0,0,0
2.36,11.57,14.26,52.59,74.28,1,0,0,0,0,0,0,0,0,0,0,0
3.55,11.86,12.74,66.51,70.36,1,0,0,0,0,0,0,0,0,0,0,0
6.13,16.12,15.8,100.28,81.58,1,0,0,0,1,0,0,0,1,0,0,0
6.63,10.18,14.66,52.41,92.01,1,0,0,0,0,0,0,0,0,0,1,0
2.56,15.33,12.14,33.43,92.01,1,0,0,0,1,0,0,1,0,0,1,0
4.37,5.5,15.31,65.62,82.68,1,0,0,1,0,0,0,0,0,0,0,0
3.98,13.76,13.83,54.96,74.52,1,0,0,0,0,0,0,0,0,0,0,0
6.12,5.05,14.43,63.65,81.06,1,0,0,1,0,0,0,0,0,0,0,0
6.68,10.69,15.23,71.63,78.57,1,0,0,0,0,0,0,0,0,0,0,0
3.53,12.06,8.15,73.03,76.88,1,0,0,0,0,1,0,0,0,0,0,0
2.27,13.02,15.13,54.06,124.33,1,0,0,0,0,0,0,0,0,0,1,0
3.15,10.19,12.36,62.8,71.55,1,0,0,0,0,0,0,0,0,0,0,0
2.35,10.48,14.01,61.04,76.47,1,0,0,0,0,0,0,0,0,0,0,0
5.48,12.41,13.26,54.02,82.47,1,0,0,0,0,0,0,0,0,0,0,0
2.39,10.16,13.23,53.49,74.87,1,0,0,0,0,0,0,0,0,0,0,0
3.18,12.86,12.33,75.42,75.25,1,0,0,0,0,0,0,0,0,0,0,0
5.22,11.2,13.98,51.35,48.23,1,0,0,0,0,0,0,0,0,1,0,0
2.93,11.51,14.19,73.35,77.21,1,0,0,0,0,0,0,0,0,0,0,0
2.93,13.5,14.38,57.19,89.74,1,0,0,0,0,0,0,0,0,0,0,0
3.35,13.15,14.84,50.2,93.34,1,0,0,0,0,0,0,0,0,0,1,0
6.18,10.43,14.46,75.29,86.4,1,0,0,0,0,0,0,0,0,0,0,0
3.57,10.4,12.25,62.94,71.7,1,0,0,0,0,0,0,0,0,0,0,0
6.13,11.37,12.51,52.35,97.94,1,0,0,0,0,0,0,0,0,0,1,0
3.71,12.16,17.32,71.91,79.11,1,0,0,0,0,0,1,0,0,0,0,0
8.87,13.64,13.2,58.78,85.23,1,0,1,0,0,0,0,0,0,0,0,0
4.51,13.26,15.35,86.57,85.7,1,0,0,0,0,0,0,0,1,0,0,0
3.81,6.64,13.15,57.37,113.73,1,0,0,1,0,0,0,0,0,0,1,0
5.32,11.79,14.42,65.37,82.44,1,0,0,0,0,0,0,0,0,0,0,0
4.55,10.38,14.74,26.34,81.81,1,0,0,0,0,0,0,1,0,0,0,0
4.8,13.48,13.72,72.29,71.66,1,0,0,0,0,0,0,0,0,0,0,0
7.22,12.47,13.59,57.79,81.46,1,0,1,0,0,0,0,0,0,0,0,0
4.97,12.84,13.82,29.43,88.05,1,0,0,0,0,0,0,1,0,0,0,0
4.19,10.2,10.39,64.6,88.05,1,0,0,0,0,1,0,0,0,0,0,0
0.52,11.84,11.71,63.25,79.78,1,1,0,0,0,1,0,0,0,0,0,0
2.42,11.41,15.79,66.02,72.56,1,0,0,0,0,0,0,0,0,0,0,0
6.81,11.33,13.54,68.92,73.76,1,0,0,0,0,0,0,0,0,0,0,0
2.56,12.13,12.3,51.01,73.75,1,0,0,0,0,0,0,0,0,0,0,0
5.32,12.86,12.19,55.13,88.04,1,0,0,0,0,0,0,0,0,0,0,0
5.82,12.61,13.48,63.56,70.12,1,0,0,0,0,0,0,0,0,0,0,0
5.57,11.21,12.1,60.99,78.56,1,0,0,0,0,0,0,0,0,0,0,0
3.9,11.49,13.57,66.96,89.19,1,0,0,0,0,0,0,0,0,0,0,0
6.35,11.6,14.3,66.42,82.68,1,0,0,0,0,0,0,0,0,0,0,0
3.97,15.82,15.1,75.02,83.09,1,0,0,0,1,0,0,0,0,0,0,0
5.32,12.24,13.67,58.35,77.72,1,0,0,0,0,0,0,0,0,0,0,0
0.65,10.61,10.03,89.32,73.24,1,1,0,0,0,1,0,0,1,0,0,0
5.4,12.79,15.43,52.91,76.01,0,0,0,0,0,0,0,0,0,0,0,1
4.67,11.14,12.55,54.28,74.51,1,0,0,0,0,0,0,0,0,0,0,0
4.76,10.23,14.89,39.19,77.74,1,0,0,0,0,0,0,1,0,0,0,0
4.34,11.33,13.66,69.89,75.9,1,0,0,0,0,0,0,0,0,0,0,0
5.58,11.33,15.47,52.36,77.04,1,0,0,0,0,0,0,0,0,0,0,0
3.13,11.29,15.74,52.17,80.79,1,0,0,0,0,0,0,0,0,0,0,0
1.72,12.59,14.52,73.7,85.59,1,1,0,0,0,0,0,0,0,0,0,0
6.05,10.54,12.31,70.24,88.84,1,0,0,0,0,0,0,0,0,0,0,0
9.74,10.55,15.59,57.07,86.93,1,0,1,0,0,0,0,0,0,0,0,0
4.74,13.02,15.16,63.45,74.15,1,0,0,0,0,0,0,0,0,0,0,0
9.6,13.06,15.89,55.99,84.11,1,0,1,0,0,0,0,0,0,0,0,0
4.48,12.98,14.77,90.05,58.58,1,0,0,0,0,0,0,0,1,1,0,0
3.82,10.44,14.3,56.42,81.14,1,0,0,0,0,0,0,0,0,0,0,0
2.11,12.51,13.83,65.55,84.84,1,0,0,0,0,0,0,0,0,0,0,0
8.52,13.7,12.14,60.27,79.01,1,0,1,0,0,0,0,0,0,0,0,0
4.39,11.12,15.89,74.94,70.33,1,0,0,0,0,0,0,0,0,0,0,0
5.87,11.9,13.67,71.6,81.74,1,0,0,0,0,0,0,0,0,0,0,0
4.88,10.56,11.11,65.83,80.43,1,0,0,0,0,1,0,0,0,0,0,0
5.17,13.62,15.39,55.44,86.05,1,0,0,0,0,0,0,0,0,0,0,0
4.52,12.61,12.62,51.76,79.73,1,0,0,0,0,0,0,0,0,0,0,0
6.63,13.49,13.52,54.83,82.18,1,0,0,0,0,0,0,0,0,0,0,0
6.5,11.04,15.11,70.48,83.9,1,0,0,0,0,0,0,0,0,0,0,0
6.17,13.67,15.79,71.14,76.37,1,0,0,0,0,0,0,0,0,0,0,0
5.93,10.36,13.29,69.86,88.43,1,0,0,0,0,0,0,0,0,0,0,0
6.69,11.77,12.63,62.82,71.42,1,0,0,0,0,0,0,0,0,0,0,0
2.39,10.42,13.38,57.08,88.97,1,0,0,0,0,0,0,0,0,0,0,0
1.55,13.12,13.94,75.42,89.3,1,1,0,0,0,0,0,0,0,0,0,0
5.8,11.18,14.14,102.44,97.85,1,0,0,0,0,0,0,0,1,0,1,0
3.77,12.89,12.62,57.47,72.83,1,0,0,0,0,0,0,0,0,0,0,0
5.71,11.91,14.72,62.64,77.02,1,0,0,0,0,0,0,0,0,0,0,0
3.49,10.49,15.68,102.46,84.42,1,0,0,0,0,0,0,0,1,0,0,0
5.65,10.34,14.45,51.37,82.45,1,0,0,0,0,0,0,0,0,0,0,0
6.7,13.01,10.02,66.86,73.66,1,0,0,0,0,1,0,0,0,0,0,0
5.01,11.24,12.6,70.66,78.29,1,0,0,0,0,0,0,0,0,0,0,0
4.06,11.9,15.21,57.82,73.85,0,0,0,0,0,0,0,0,0,0,0,1
4.1,13.5,13.32,20.24,70.77,1,0,0,0,0,0,0,1,0,0,0,0
3.97,10.63,12.67,63.59,77.09,0,0,0,0,0,0,0,0,0,0,0,1
4.07,10.29,12.45,56.28,82.64,1,0,0,0,0,0,0,0,0,0,0,0
7.63,17.3,13.12,45.64,87.08,1,0,1,0,1,0,0,1,0,0,0,0
2.86,13.82,14.28,57.43,82.58,1,0,0,0,0,0,0,0,0,0,0,0
4.43,10.5,13.96,50.46,87.53,1,0,0,0,0,0,0,0,0,0,0,0
4.37,11.57,13.18,75.5,42.75,1,0,0,0,0,0,0,0,0,1,0,0
2.47,11.7,17.16,55.27,84.52,1,0,0,0,0,0,1,0,0,0,0,0
6.2,10.56,12.91,74.77,82.79,1,0,0,0,0,0,0,0,0,0,0,0
3.82,10.21,12.42,50.15,77.29,1,0,0,0,0,0,0,0,0,0,0,0
4.66,12.11,13.06,59.13,87.52,1,0,0,0,0,0,0,0,0,0,0,0
5.35,11.19,13.46,52.23,59.89,1,0,0,0,0,0,0,0,0,1,0,0
4.91,12.15,14.85,57.8,70.59,1,0,0,0,0,0,0,0,0,0,0,0
3.05,12.39,13.82,69.7,71.95,1,0,0,0,0,0,0,0,0,0,0,0
9.62,12.73,14.65,83.53,85.97,0,0,1,0,0,0,0,0,1,0,0,1
3.92,13.78,13.82,59.24,80.63,1,0,0,0,0,0,0,0,0,0,0,0
6.88,11.72,15.79,67.61,76.08,1,0,0,0,0,0,0,0,0,0,0,0
5.82,10.56,15.12,59.87,70.68,1,0,0,0,0,0,0,0,0,0,0,0
3.45,11.5,12.11,70.56,85.1,1,0,0,0,0,0,0,0,0,0,0,0
3.74,11.63,14.36,57.86,40.4,1,0,0,0,0,0,0,0,0,1,0,0
4.56,7.61,15.43,62.78,73.9,1,0,0,1,0,0,0,0,0,0,0,0
6.1,13.06,13.35,68.3,85.91,1,0,0,0,0,0,0,0,0,0,0,0
6.24,6.48,12.14,57.02,121.6,0,0,0,1,0,0,0,0,0,0,1,1
3.89,8.29,12.82,54.79,84.43,1,0,0,1,0,0,0,0,0,0,0,0
6.49,12.44,14.1,74.92,72.23,1,0,0,0,0,0,0,0,0,0,0,0
4.81,10.41,14.49,64.18,79.46,1,0,0,0,0,0,0,0,0,0,0,0
3.61,13.29,14.78,66.23,87.48,1,0,0,0,0,0,0,0,0,0,0,0
2.63,10.35,14.27,70.82,89.46,1,0,0,0,0,0,0,0,0,0,0,0
1.37,13.65,15.24,63.09,87.12,1,1,0,0,0,0,0,0,0,0,0,0
3.02,10.94,14.91,62.55,70.23,1,0,0,0,0,0,0,0,0,0,0,0
2.88,16.88,12.68,59.78,50.61,1,0,0,0,1,0,0,0,0,1,0,0
5.89,12.79,12.15,69.3,70.48,1,0,0,0,0,0,0,0,0,0,0,0
3.61,13.53,14.68,50.32,76.62,1,0,0,0,0,0,0,0,0,0,0,0
6.9,10.81,13.09,64.66,81.07,1,0,0,0,0,0,0,0,0,0,0,0
2.29,11.96,14.3,74.95,86.3,1,0,0,0,0,0,0,0,0,0,0,0
6.09,10.93,14.05,52.14,88.48,1,0,0,0,0,0,0,0,0,0,0,0
3.16,13.02,8.85,102.75,61.92,1,0,0,0,0,1,0,0,1,1,0,0
4.69,11.01,14.83,64.74,84.15,1,0,0,0,0,0,0,0,0,0,0,0
1.51,13.54,12.41,63.76,74.13,0,1,0,0,0,0,0,0,0,0,0,1
3.6,12.99,12.93,67.91,76.58,1,0,0,0,0,0,0,0,0,0,0,0
6.25,13.55,13.85,51.96,83.74,1,0,0,0,0,0,0,0,0,0,0,0
5.32,13.66,12.59,52.38,77.97,1,0,0,0,0,0,0,0,0,0,0,0
5.65,11.01,14.44,51.71,64.47,1,0,0,0,0,0,0,0,0,1,0,0
6.4,11.29,14.11,74.7,73.33,1,0,0,0,0,0,0,0,0,0,0,0
4.66,12.88,14.67,51.83,78.86,1,0,0,0,0,0,0,0,0,0,0,0
3.71,12.71,12.68,57.75,70.54,1,0,0,0,0,0,0,0,0,0,0,0
3.04,12.73,14.97,67.59,73.98,1,0,0,0,0,0,0,0,0,0,0,0
5.81,13.16,15.59,75.51,71.54,1,0,0,0,0,0,0,0,0,0,0,0
2.69,12.46,12.15,73.29,89.44,1,0,0,0,0,0,0,0,0,0,0,0
5.99,11.42,14.99,71.24,77.68,1,0,0,0,0,0,0,0,0,0,0,0
4.73,12.9,14.22,60.55,70.83,1,0,0,0,0,0,0,0,0,0,0,0
5.55,13.41,12.89,72.68,73.04,1,0,0,0,0,0,0,0,0,0,0,0
3.35,12.51,14.17,68.33,58.74,1,0,0,0,0,0,0,0,0,1,0,0
6.0,16.01,13.78,72.66,74.98,1,0,0,0,1,0,0,0,0,0,0,0
3.06,12.27,14.45,68.51,86.72,1,0,0,0,0,0,0,0,0,0,0,0
5.61,13.37,12.97,68.58,85.61,1,0,0,0,0,0,0,0,0,0,0,0
4.4,11.31,15.25,74.63,81.0,1,0,0,0,0,0,0,0,0,0,0,0
5.49,12.49,15.5,67.21,86.55,1,0,0,0,0,0,0,0,0,0,0,0
2.35,11.25,15.24,94.6,76.57,1,0,0,0,0,0,0,0,1,0,0,0
9.13,16.89,15.54,101.97,72.34,1,0,1,0,1,0,0,0,1,0,0,0
4.25,10.26,13.15,65.21,85.22,1,0,0,0,0,0,0,0,0,0,0,0
5.59,12.56,13.37,65.58,84.88,1,0,0,0,0,0,0,0,0,0,0,0
8.33,11.0,14.26,57.57,81.14,1,0,1,0,0,0,0,0,0,0,0,0
5.55,16.27,12.21,57.44,79.9,1,0,0,0,1,0,0,0,0,0,0,0
5.79,13.02,12.14,41.69,71.77,1,0,0,0,0,0,0,1,0,0,0,0
5.7,11.25,15.59,55.99,77.09,1,0,0,0,0,0,0,0,0,0,0,0
5.99,12.34,13.9,57.14,79.24,1,0,0,0,0,0,0,0,0,0,0,0
4.16,12.94,13.97,68.53,72.5,1,0,0,0,0,0,0,0,0,0,0,0
5.17,11.47,13.65,54.81,71.96,1,0,0,0,0,0,0,0,0,0,0,0
4.83,13.58,13.68,73.01,49.1,1,0,0,0,0,0,0,0,0,1,0,0
4.13,12.32,17.27,74.79,89.12,1,0,0,0,0,0,1,0,0,0,0,0
6.63,12.29,9.15,51.95,87.84,1,0,0,0,0,1,0,0,0,0,0,0
4.04,13.45,10.61,68.45,72.54,1,0,0,0,0,1,0,0,0,0,0,0
1.58,11.19,15.68,55.49,85.95,1,1,0,0,0,0,0,0,0,0,0,0
6.59,12.42,13.56,58.58,84.12,1,0,0,0,0,0,0,0,0,0,0,0
5.37,10.85,10.44,60.26,82.07,1,0,0,0,0,1,0,0,0,0,0,0
4.85,11.51,14.58,62.63,80.15,1,0,0,0,0,0,0,0,0,0,0,0
6.88,12.75,15.09,73.9,74.27,1,0,0,0,0,0,0,0,0,0,0,0
1.44,10.72,13.79,71.97,75.18,0,1,0,0,0,0,0,0,0,0,0,1
7.75,12.61,13.03,73.76,77.88,1,0,1,0,0,0,0,0,0,0,0,0
5.34,12.48,14.31,50.47,79.35,1,0,0,0,0,0,0,0,0,0,0,0
4.92,10.85,13.6,57.64,76.4,1,0,0,0,0,0,0,0,0,0,0,0
5.01,11.12,14.78,53.08,71.97,1,0,0,0,0,0,0,0,0,0,0,0
5.59,12.87,12.66,68.48,75.13,1,0,0,0,0,0,0,0,0,0,0,0
2.3,13.24,12.26,68.39,74.44,1,0,0,0,0,0,0,0,0,0,0,0
4.24,10.73,14.38,63.93,79.54,1,0,0,0,0,0,0,0,0,0,0,0
1.2,13.71,14.76,64.16,86.0,1,1,0,0,0,0,0,0,0,0,0,0
3.01,12.66,15.29,77.57,77.28,1,0,0,0,0,0,0,0,1,0,0,0
6.04,11.85,13.85,74.52,56.43,1,0,0,0,0,0,0,0,0,1,0,0
5.71,11.22,15.64,24.27,81.2,1,0,0,0,0,0,0,1,0,0,0,0
3.86,11.87,13.81,27.12,72.2,1,0,0,0,0,0,0,1,0,0,0,0
4.82,10.79,13.26,54.4,75.78,1,0,0,0,0,0,0,0,0,0,0,0
3.03,12.98,12.41,74.01,76.81,1,0,0,0,0,0,0,0,0,0,0,0
2.56,12.65,11.23,70.49,83.25,1,0,0,0,0,1,0,0,0,0,0,0
5.16,10.14,12.35,65.25,80.52,1,0,0,0,0,0,0,0,0,0,0,0
6.68,13.31,13.37,70.13,77.38,1,0,0,0,0,0,0,0,0,0,0,0
3.66,12.56,14.17,59.04,74.51,1,0,0,0,0,0,0,0,0,0,0,0
5.92,11.69,14.53,59.46,71.43,1,0,0,0,0,0,0,0,0,0,0,0
5.13,13.39,14.46,60.14,71.35,1,0,0,0,0,0,0,0,0,0,0,0
5.74,13.47,15.86,59.42,95.65,1,0,0,0,0,0,0,0,0,0,1,0
3.97,10.55,14.52,56.24,82.01,1,0,0,0,0,0,0,0,0,0,0,0
4.45,10.49,13.88,43.29,85.26,1,0,0,0,0,0,0,1,0,0,0,0
2.48,12.23,15.14,52.46,84.28,1,0,0,0,0,0,0,0,0,0,0,0
1.68,9.09,15.41,64.73,78.03,1,1,0,1,0,0,0,0,0,0,0,0
2.39,5.08,12.23,69.54,62.41,0,0,0,1,0,0,0,0,0,1,0,1
5.33,13.22,15.23,54.61,56.48,1,0,0,0,0,0,0,0,0,1,0,0
5.17,11.67,14.78,51.22,86.86,1,0,0,0,0,0,0,0,0,0,0,0
5.23,10.58,14.7,115.73,106.66,1,0,0,0,0,0,0,0,1,0,1,0
3.68,13.36,15.31,64.46,77.01,1,0,0,0,0,0,0,0,0,0,0,0
5.53,12.66,15.15,54.95,86.08,1,0,0,0,0,0,0,0,0,0,0,0
4.56,12.28,14.77,74.29,66.3,1,0,0,0,0,0,0,0,0,1,0,0
6.02,13.59,13.41,75.34,73.35,1,0,0,0,0,0,0,0,0,0,0,0
6.48,10.23,12.7,40.87,40.28,1,0,0,0,0,0,0,1,0,1,0,0
0.59,10.76,13.84,61.14,72.88,1,1,0,0,0,0,0,0,0,0,0,0
3.73,12.23,12.73,75.73,79.63,1,0,0,0,0,0,0,0,0,0,0,0
1.68,5.02,14.43,89.99,83.46,1,1,0,1,0,0,0,0,1,0,0,0
4.67,12.38,12.29,70.48,86.67,1,0,0,0,0,0,0,0,0,0,0,0
2.95,13.43,12.98,72.8,76.45,1,0,0,0,0,0,0,0,0,0,0,0
2.82,11.84,18.77,69.33,82.01,1,0,0,0,0,0,1,0,0,0,0,0
6.71,10.51,15.08,60.19,72.72,1,0,0,0,0,0,0,0,0,0,0,0
2.29,10.99,15.18,68.08,79.93,1,0,0,0,0,0,0,0,0,0,0,0
3.23,13.43,13.07,66.27,113.97,1,0,0,0,0,0,0,0,0,0,1,0
4.94,11.24,15.41,56.25,71.45,1,0,0,0,0,0,0,0,0,0,0,0
3.06,12.46,15.58,72.56,86.33,1,0,0,0,0,0,0,0,0,0,0,0
3.69,12.9,13.11,52.78,77.87,1,0,0,0,0,0,0,0,0,0,0,0
4.66,11.4,12.14,74.79,70.41,1,0,0,0,0,0,0,0,0,0,0,0
2.19,10.39,14.18,65.45,87.24,1,0,0,0,0,0,0,0,0,0,0,0
2.13,9.74,12.49,53.16,86.76,1,0,0,1,0,0,0,0,0,0,0,0
2.58,13.65,14.72,74.03,80.26,1,0,0,0,0,0,0,0,0,0,0,0
2.8,11.08,12.23,66.78,88.26,1,0,0,0,0,0,0,0,0,0,0,0
2.67,14.13,10.2,85.88,43.12,1,0,0,0,1,1,0,0,1,1,0,0
3.67,15.95,14.81,65.97,43.51,1,0,0,0,1,0,0,0,0,1,0,0
8.65,6.48,11.05,74.85,77.6,0,0,1,1,0,1,0,0,0,0,0,1
2.55,12.61,15.4,74.96,86.27,1,0,0,0,0,0,0,0,0,0,0,0
1.05,13.25,14.61,51.85,84.84,1,1,0,0,0,0,0,0,0,0,0,0
3.11,13.71,12.55,48.76,80.17,1,0,0,0,0,0,0,1,0,0,0,0
4.0,13.45,12.54,63.71,78.05,1,0,0,0,0,0,0,0,0,0,0,0
3.47,10.47,15.42,69.42,81.91,1,0,0,0,0,0,0,0,0,0,0,0
3.72,13.28,13.18,62.43,80.05,1,0,0,0,0,0,0,0,0,0,0,0
5.87,12.52,12.49,26.48,87.56,1,0,0,0,0,0,0,1,0,0,0,0
2.1,10.53,13.23,50.21,88.89,1,0,0,0,0,0,0,0,0,0,0,0
7.82,13.2,10.88,64.42,120.89,1,0,1,0,0,1,0,0,0,0,1,0
6.72,11.68,15.14,60.74,40.57,1,0,0,0,0,0,0,0,0,1,0,0
4.21,11.66,13.5,62.15,122.09,1,0,0,0,0,0,0,0,0,0,1,0
4.85,13.34,15.52,50.87,41.85,0,0,0,0,0,0,0,0,0,1,0,1
5.1,10.49,14.57,56.39,76.84,1,0,0,0,0,0,0,0,0,0,0,0
5.08,10.75,15.55,65.92,78.3,1,0,0,0,0,0,0,0,0,0,0,0
4.23,13.05,14.91,61.38,87.55,0,0,0,0,0,0,0,0,0,0,0,1
1.31,13.3,15.03,59.83,75.23,1,1,0,0,0,0,0,0,0,0,0,0
4.39,12.59,13.58,53.53,78.5,1,0,0,0,0,0,0,0,0,0,0,0
5.79,11.84,15.55,54.13,84.71,1,0,0,0,0,0,0,0,0,0,0,0
7.51,6.6,13.0,73.85,82.04,1,0,1,1,0,0,0,0,0,0,0,0
4.11,12.54,12.84,65.01,88.25,1,0,0,0,0,0,0,0,0,0,0,0
6.75,10.81,15.86,70.0,79.16,1,0,0,0,0,0,0,0,0,0,0,0
1.06,10.52,18.91,54.17,127.39,1,1,0,0,0,0,1,0,0,0,1,0
9.58,13.18,14.4,68.11,77.0,1,0,1,0,0,0,0,0,0,0,0,0
5.13,10.24,12.85,64.78,88.33,1,0,0,0,0,0,0,0,0,0,0,0
6.57,11.2,17.88,75.33,102.2,0,0,0,0,0,0,1,0,0,0,1,1
5.09,13.46,15.08,54.42,86.33,1,0,0,0,0,0,0,0,0,0,0,0
4.41,11.27,15.85,25.1,83.25,1,0,0,0,0,0,0,1,0,0,0,0
5.15,6.39,12.84,105.47,123.02,1,0,0,1,0,0,0,0,1,0,1,0
6.51,13.32,13.98,69.16,87.54,1,0,0,0,0,0,0,0,0,0,0,0
6.35,11.42,12.3,54.28,73.11,1,0,0,0,0,0,0,0,0,0,0,0
7.67,10.6,15.85,52.0,71.6,1,0,1,0,0,0,0,0,0,0,0,0
4.98,12.71,19.38,62.23,80.92,1,0,0,0,0,0,1,0,0,0,0,0
2.84,10.53,13.88,62.06,84.41,1,0,0,0,0,0,0,0,0,0,0,0
3.66,12.97,12.88,74.92,89.32,1,0,0,0,0,0,0,0,0,0,0,0
6.17,12.93,14.23,77.19,81.97,1,0,0,0,0,0,0,0,1,0,0,0
3.2,11.21,15.33,94.29,72.41,1,0,0,0,0,0,0,0,1,0,0,0
5.58,10.8,14.05,59.06,81.25,1,0,0,0,0,0,0,0,0,0,0,0
5.17,12.12,14.44,65.77,120.7,1,0,0,0,0,0,0,0,0,0,1,0
5.35,10.87,15.67,57.31,72.7,1,0,0,0,0,0,0,0,0,0,0,0
2.19,11.27,13.91,62.97,88.69,1,0,0,0,0,0,0,0,0,0,0,0
4.8,12.89,17.08,62.98,80.58,1,0,0,0,0,0,1,0,0,0,0,0
7.29,13.54,13.1,114.24,82.93,1,0,1,0,0,0,0,0,1,0,0,0
2.41,10.99,14.82,65.62,83.02,1,0,0,0,0,0,0,0,0,0,0,0
5.78,13.08,13.5,57.66,89.31,0,0,0,0,0,0,0,0,0,0,0,1
5.62,10.27,13.73,65.97,79.57,0,0,0,0,0,0,0,0,0,0,0,1
3.61,12.04,8.64,71.99,88.36,1,0,0,0,0,1,0,0,0,0,0,0
4.62,11.1,12.63,71.06,88.24,1,0,0,0,0,0,0,0,0,0,0,0
2.73,13.49,14.04,53.3,85.63,1,0,0,0,0,0,0,0,0,0,0,0
3.03,11.36,12.57,66.46,82.27,1,0,0,0,0,0,0,0,0,0,0,0
3.7,10.89,12.37,57.65,84.87,1,0,0,0,0,0,0,0,0,0,0,0
4.0,8.81,14.32,61.0,87.98,1,0,0,1,0,0,0,0,0,0,0,0
5.5,13.37,12.93,52.71,75.49,1,0,0,0,0,0,0,0,0,0,0,0
3.85,17.9,15.69,59.32,71.28,1,0,0,0,1,0,0,0,0,0,0,0
6.26,11.04,9.54,69.98,70.53,1,0,0,0,0,1,0,0,0,0,0,0
6.1,13.76,13.29,54.45,71.57,1,0,0,0,0,0,0,0,0,0,0,0
4.94,12.7,15.27,70.34,73.09,1,0,0,0,0,0,0,0,0,0,0,0
6.9,10.21,12.9,61.48,71.05,1,0,0,0,0,0,0,0,0,0,0,0
1.1,11.69,15.55,53.39,73.32,1,1,0,0,0,0,0,0,0,0,0,0
2.36,11.76,15.08,59.07,77.87,1,0,0,0,0,0,0,0,0,0,0,0
6.79,12.47,15.76,64.99,80.18,1,0,0,0,0,0,0,0,0,0,0,0
3.13,11.08,15.3,71.65,75.1,1,0,0,0,0,0,0,0,0,0,0,0
8.89,12.54,14.75,57.02,89.67,1,0,1,0,0,0,0,0,0,0,0,0
3.16,12.01,13.75,69.03,83.01,1,0,0,0,0,0,0,0,0,0,0,0
3.24,13.67,15.61,63.03,78.71,1,0,0,0,0,0,0,0,0,0,0,0
4.34,7.14,12.39,67.74,73.57,1,0,0,1,0,0,0,0,0,0,0,0
5.88,10.38,14.13,63.33,81.46,1,0,0,0,0,0,0,0,0,0,0,0
4.42,12.67,12.77,73.96,79.78,1,0,0,0,0,0,0,0,0,0,0,0
4.91,15.36,13.06,54.93,76.09,1,0,0,0,1,0,0,0,0,0,0,0
6.45,14.2,15.85,57.63,84.07,1,0,0,0,1,0,0,0,0,0,0,0
4.99,6.65,15.17,72.28,85.02,1,0,0,1,0,0,0,0,0,0,0,0
5.81,11.21,13.97,72.29,82.64,1,0,0,0,0,0,0,0,0,0,0,0
6.23,11.61,15.33,57.07,80.83,1,0,0,0,0,0,0,0,0,0,0,0
5.25,11.62,13.27,68.95,83.52,1,0,0,0,0,0,0,0,0,0,0,0
2.74,12.61,14.01,73.38,79.04,1,0,0,0,0,0,0,0,0,0,0,0
8.64,10.34,14.13,55.67,89.15,1,0,1,0,0,0,0,0,0,0,0,0
1.09,8.83,14.98,63.83,54.57,1,1,0,1,0,0,0,0,0,1,0,0
6.55,11.17,12.14,70.87,78.12,1,0,0,0,0,0,0,0,0,0,0,0
5.47,12.43,14.69,69.51,57.19,1,0,0,0,0,0,0,0,0,1,0,0
3.66,10.31,12.65,64.56,73.11,1,0,0,0,0,0,0,0,0,0,0,0
2.4,12.1,14.37,75.08,75.49,1,0,0,0,0,0,0,0,0,0,0,0
3.25,12.81,13.26,70.72,82.1,1,0,0,0,0,0,0,0,0,0,0,0
5.11,12.07,15.07,56.24,89.75,1,0,0,0,0,0,0,0,0,0,0,0
4.96,12.14,15.46,58.33,73.52,1,0,0,0,0,0,0,0,0,0,0,0
4.44,13.72,15.37,106.07,72.18,1,0,0,0,0,0,0,0,1,0,0,0
2.87,11.87,12.31,65.88,70.77,1,0,0,0,0,0,0,0,0,0,0,0
1.04,12.39,11.68,74.3,101.97,1,1,0,0,0,1,0,0,0,0,1,0
4.35,12.02,13.75,57.46,86.96,1,0,0,0,0,0,0,0,0,0,0,0
6.24,16.98,13.03,75.39,71.99,1,0,0,0,1,0,0,0,0,0,0,0
5.24,11.15,13.98,53.08,123.49,1,0,0,0,0,0,0,0,0,0,1,0
6.57,13.15,13.1,63.5,122.02,1,0,0,0,0,0,0,0,0,0,1,0
4.94,11.41,14.34,51.44,83.56,1,0,0,0,0,0,0,0,0,0,0,0
2.12,13.01,14.02,61.05,83.14,1,0,0,0,0,0,0,0,0,0,0,0
4.47,13.61,14.27,65.06,72.87,1,0,0,0,0,0,0,0,0,0,0,0
4.87,12.85,15.87,57.38,72.95,1,0,0,0,0,0,0,0,0,0,0,0
2.99,11.95,13.0,57.35,58.59,1,0,0,0,0,0,0,0,0,1,0,0
2.83,13.61,15.89,75.38,87.22,1,0,0,0,0,0,0,0,0,0,0,0
6.86,11.8,12.95,60.69,70.66,1,0,0,0,0,0,0,0,0,0,0,0
5.71,7.56,13.2,54.68,87.08,1,0,0,1,0,0,0,0,0,0,0,0
1.08,6.99,14.23,114.66,74.15,0,1,0,1,0,0,0,0,1,0,0,1
1.66,10.36,13.07,50.31,85.9,1,1,0,0,0,0,0,0,0,0,0,0
8.18,12.3,17.76,56.98,72.37,1,0,1,0,0,0,1,0,0,0,0,0
5.51,11.89,14.49,61.46,82.01,1,0,0,0,0,0,0,0,0,0,0,0
3.22,10.36,13.98,74.0,81.64,1,0,0,0,0,0,0,0,0,0,0,0
2.44,13.24,14.17,67.12,75.05,1,0,0,0,0,0,0,0,0,0,0,0
5.11,11.79,16.19,58.48,81.55,1,0,0,0,0,0,1,0,0,0,0,0
5.71,13.65,14.51,109.15,118.22,1,0,0,0,0,0,0,0,1,0,1,0
5.54,13.68,13.2,55.77,81.59,1,0,0,0,0,0,0,0,0,0,0,0
4.88,13.0,13.53,50.83,78.98,1,0,0,0,0,0,0,0,0,0,0,0
3.61,12.73,15.89,29.06,77.28,1,0,0,0,0,0,0,1,0,0,0,0
6.74,13.3,15.87,54.58,77.93,1,0,0,0,0,0,0,0,0,0,0,0
4.35,11.56,13.5,50.77,87.59,1,0,0,0,0,0,0,0,0,0,0,0
4.59,11.75,15.49,36.26,89.61,1,0,0,0,0,0,0,1,0,0,0,0
5.63,12.81,13.34,93.21,75.46,1,0,0,0,0,0,0,0,1,0,0,0
9.57,13.81,13.97,67.15,70.31,1,0,1,0,0,0,0,0,0,0,0,0
3.42,7.16,12.12,55.61,80.45,1,0,0,1,0,0,0,0,0,0,0,0
2.75,13.3,12.64,67.7,79.93,1,0,0,0,0,0,0,0,0,0,0,0
3.31,11.64,12.61,73.02,89.12,1,0,0,0,0,0,0,0,0,0,0,0
3.0,13.56,12.85,55.83,79.32,1,0,0,0,0,0,0,0,0,0,0,0
4.15,12.03,12.77,56.84,77.82,1,0,0,0,0,0,0,0,0,0,0,0
3.68,16.89,13.86,67.04,74.28,1,0,0,0,1,0,0,0,0,0,0,0
3.43,12.21,12.3,50.23,77.02,1,0,0,0,0,0,0,0,0,0,0,0
2.66,13.6,14.54,73.09,97.64,1,0,0,0,0,0,0,0,0,0,1,0
4.15,11.69,14.91,104.09,76.33,1,0,0,0,0,0,0,0,1,0,0,0
3.19,11.22,15.68,72.29,80.55,1,0,0,0,0,0,0,0,0,0,0,0
5.08,12.64,12.93,66.27,70.67,1,0,0,0,0,0,0,0,0,0,0,0
6.49,13.89,13.25,70.8,82.54,1,0,0,0,0,0,0,0,0,0,0,0
1.82,10.86,12.45,75.0,73.57,1,1,0,0,0,0,0,0,0,0,0,0
5.69,12.7,12.98,64.99,78.06,1,0,0,0,0,0,0,0,0,0,0,0
6.49,13.72,13.74,72.56,76.79,1,0,0,0,0,0,0,0,0,0,0,0
2.86,11.76,13.48,62.18,83.06,1,0,0,0,0,0,0,0,0,0,0,0
5.37,8.69,14.78,75.61,77.87,1,0,0,1,0,0,0,0,0,0,0,0
2.57,10.16,12.21,28.13,70.76,1,0,0,0,0,0,0,1,0,0,0,0
6.84,11.61,13.8,58.35,83.27,1,0,0,0,0,0,0,0,0,0,0,0
5.58,15.5,13.72,54.03,81.01,0,0,0,0,1,0,0,0,0,0,0,1
4.92,14.87,12.64,61.97,87.96,1,0,0,0,1,0,0,0,0,0,0,0
5.18,12.16,13.27,97.53,75.68,1,0,0,0,0,0,0,0,1,0,0,0
6.17,12.39,19.91,55.54,79.14,1,0,0,0,0,0,1,0,0,0,0,0
2.36,10.9,12.37,52.21,83.93,1,0,0,0,0,0,0,0,0,0,0,0
3.49,11.12,17.15,59.05,76.65,1,0,0,0,0,0,1,0,0,0,0,0
4.9,11.69,13.71,116.85,74.71,1,0,0,0,0,0,0,0,1,0,0,0
8.7,13.36,13.4,71.8,82.92,1,0,1,0,0,0,0,0,0,0,0,0
2.42,12.55,19.82,70.23,79.15,1,0,0,0,0,0,1,0,0,0,0,0
3.36,10.91,13.98,65.89,84.33,1,0,0,0,0,0,0,0,0,0,0,0
4.92,13.74,15.32,75.17,77.11,1,0,0,0,0,0,0,0,0,0,0,0
4.66,11.91,14.32,26.37,88.74,1,0,0,0,0,0,0,1,0,0,0,0
3.35,12.23,13.65,22.88,86.36,1,0,0,0,0,0,0,1,0,0,0,0
5.22,13.76,9.23,53.58,86.94,1,0,0,0,0,1,0,0,0,0,0,0
0.51,16.38,19.24,56.08,81.71,1,1,0,0,1,0,1,0,0,0,0,0
4.38,11.08,12.3,58.89,73.58,1,0,0,0,0,0,0,0,0,0,0,0
5.63,13.25,15.8,58.73,71.14,1,0,0,0,0,0,0,0,0,0,0,0
4.48,11.21,12.69,75.87,76.46,1,0,0,0,0,0,0,0,0,0,0,0
5.69,10.16,13.77,66.28,76.71,1,0,0,0,0,0,0,0,0,0,0,0
5.75,10.51,13.16,70.6,89.58,1,0,0,0,0,0,0,0,0,0,0,0
3.31,11.8,13.9,56.6,75.12,1,0,0,0,0,0,0,0,0,0,0,0
2.43,12.81,8.72,33.21,109.59,1,0,0,0,0,1,0,1,0,0,1,0
9.99,10.73,14.42,71.49,107.75,1,0,1,0,0,0,0,0,0,0,1,0
3.73,12.03,15.27,73.15,71.06,1,0,0,0,0,0,0,0,0,0,0,0
5.65,10.48,13.63,38.86,61.32,0,0,0,0,0,0,0,1,0,1,0,1
2.32,12.43,12.69,27.82,82.76,1,0,0,0,0,0,0,1,0,0,0,0
3.74,7.93,12.26,86.98,86.37,1,0,0,1,0,0,0,0,1,0,0,0
5.28,13.62,9.08,55.06,89.44,1,0,0,0,0,1,0,0,0,0,0,0
5.99,10.69,12.79,56.26,84.33,1,0,0,0,0,0,0,0,0,0,0,0
5.7,13.65,13.56,58.77,70.97,1,0,0,0,0,0,0,0,0,0,0,0
3.53,5.92,13.49,87.83,71.62,1,0,0,1,0,0,0,0,1,0,0,0
3.11,11.72,14.56,69.22,89.69,1,0,0,0,0,0,0,0,0,0,0,0
4.77,11.74,13.28,75.68,88.25,1,0,0,0,0,0,0,0,0,0,0,0
3.29,13.67,15.55,58.65,89.58,1,0,0,0,0,0,0,0,0,0,0,0
0.66,11.13,13.75,56.68,89.01,1,1,0,0,0,0,0,0,0,0,0,0
2.3,11.33,14.83,63.64,74.51,0,0,0,0,0,0,0,0,0,0,0,1
4.37,10.33,13.86,72.55,87.76,1,0,0,0,0,0,0,0,0,0,0,0
4.75,13.65,15.3,52.97,72.34,1,0,0,0,0,0,0,0,0,0,0,0
6.9,13.38,14.92,75.77,87.92,1,0,0,0,0,0,0,0,0,0,0,0
6.25,11.94,14.1,55.92,77.54,1,0,0,0,0,0,0,0,0,0,0,0
4.86,12.22,12.16,60.67,77.8,1,0,0,0,0,0,0,0,0,0,0,0
6.56,13.43,13.05,70.81,75.59,1,0,0,0,0,0,0,0,0,0,0,0
3.86,12.96,15.62,61.68,75.45,1,0,0,0,0,0,0,0,0,0,0,0
3.76,11.69,10.74,54.32,83.94,1,0,0,0,0,1,0,0,0,0,0,0
3.28,12.04,14.73,67.07,80.85,1,0,0,0,0,0,0,0,0,0,0,0
5.2,13.04,13.58,65.25,80.56,1,0,0,0,0,0,0,0,0,0,0,0
2.33,12.17,15.23,65.67,76.16,1,0,0,0,0,0,0,0,0,0,0,0
6.39,11.78,13.31,73.6,47.91,1,0,0,0,0,0,0,0,0,1,0,0
9.77,12.47,15.89,71.57,84.56,1,0,1,0,0,0,0,0,0,0,0,0
6.12,10.17,12.47,57.59,72.07,1,0,0,0,0,0,0,0,0,0,0,0
5.62,12.38,12.14,64.56,70.69,1,0,0,0,0,0,0,0,0,0,0,0
6.67,12.17,13.01,66.27,77.61,1,0,0,0,0,0,0,0,0,0,0,0
2.88,13.44,15.39,72.75,76.58,1,0,0,0,0,0,0,0,0,0,0,0
3.25,11.19,14.36,60.28,87.29,1,0,0,0,0,0,0,0,0,0,0,0
6.1,11.13,11.6,20.97,53.53,0,0,0,0,0,1,0,1,0,1,0,1
4.54,11.99,14.35,60.77,82.85,1,0,0,0,0,0,0,0,0,0,0,0
6.68,17.93,10.86,71.26,50.86,1,0,0,0,1,1,0,0,0,1,0,0
6.77,10.38,9.2,63.14,89.7,1,0,0,0,0,1,0,0,0,0,0,0
3.75,12.73,13.96,70.28,80.53,1,0,0,0,0,0,0,0,0,0,0,0
4.17,13.53,11.8,53.9,89.06,1,0,0,0,0,1,0,0,0,0,0,0
3.45,13.07,15.2,55.63,88.97,1,0,0,0,0,0,0,0,0,0,0,0
6.9,10.34,15.39,63.62,88.41,1,0,0,0,0,0,0,0,0,0,0,0
6.5,16.14,13.2,68.99,78.73,1,0,0,0,1,0,0,0,0,0,0,0
2.94,10.52,9.83,74.65,74.28,1,0,0,0,0,1,0,0,0,0,0,0
5.43,11.13,14.49,69.43,89.47,1,0,0,0,0,0,0,0,0,0,0,0
6.43,12.96,17.41,75.61,75.08,1,0,0,0,0,0,1,0,0,0,0,0
4.51,12.69,15.54,72.23,79.97,1,0,0,0,0,0,0,0,0,0,0,0
4.61,11.86,12.88,52.85,72.28,1,0,0,0,0,0,0,0,0,0,0,0
4.07,11.46,12.33,67.37,72.93,1,0,0,0,0,0,0,0,0,0,0,0
7.72,11.74,12.57,46.94,115.24,1,0,1,0,0,0,0,1,0,0,1,0
4.07,10.47,14.47,73.93,108.71,1,0,0,0,0,0,0,0,0,0,1,0
2.52,12.53,19.73,51.34,78.01,1,0,0,0,0,0,1,0,0,0,0,0
3.57,15.7,15.81,73.54,88.78,1,0,0,0,1,0,0,0,0,0,0,0
4.7,11.38,15.69,73.51,75.96,1,0,0,0,0,0,0,0,0,0,0,0
3.43,16.44,12.71,63.03,70.92,1,0,0,0,1,0,0,0,0,0,0,0
5.43,12.05,15.19,50.17,85.25,1,0,0,0,0,0,0,0,0,0,0,0
0.88,12.14,15.08,70.41,74.26,1,1,0,0,0,0,0,0,0,0,0,0
6.56,11.79,13.86,72.15,74.83,1,0,0,0,0,0,0,0,0,0,0,0
5.24,11.8,15.53,66.62,70.83,1,0,0,0,0,0,0,0,0,0,0,0
3.36,12.13,13.15,69.37,123.82,1,0,0,0,0,0,0,0,0,0,1,0
4.54,13.17,15.21,57.18,74.41,1,0,0,0,0,0,0,0,0,0,0,0
6.24,13.45,15.46,63.16,77.51,1,0,0,0,0,0,0,0,0,0,0,0
5.31,15.22,15.05,72.85,82.3,1,0,0,0,1,0,0,0,0,0,0,0
6.61,11.96,13.63,67.8,88.17,1,0,0,0,0,0,0,0,0,0,0,0
4.93,10.91,14.04,57.45,81.76,1,0,0,0,0,0,0,0,0,0,0,0
5.92,11.73,12.16,70.76,76.91,1,0,0,0,0,0,0,0,0,0,0,0
2.57,12.84,14.91,74.92,73.71,1,0,0,0,0,0,0,0,0,0,0,0
5.66,11.04,15.08,20.08,74.94,1,0,0,0,0,0,0,1,0,0,0,0
3.82,12.4,14.46,64.39,80.12,1,0,0,0,0,0,0,0,0,0,0,0
6.73,11.47,13.3,51.59,91.86,1,0,0,0,0,0,0,0,0,0,1,0
4.6,8.64,12.91,75.02,88.49,1,0,0,1,0,0,0,0,0,0,0,0
4.41,9.46,12.36,24.44,82.38,0,0,0,1,0,0,0,1,0,0,0,1
3.2,13.63,14.43,62.44,82.87,1,0,0,0,0,0,0,0,0,0,0,0
3.83,11.73,15.66,72.81,88.65,1,0,0,0,0,0,0,0,0,0,0,0
5.82,12.86,15.45,56.96,83.68,1,0,0,0,0,0,0,0,0,0,0,0
3.13,12.64,15.3,75.58,77.61,1,0,0,0,0,0,0,0,0,0,0,0
5.8,10.93,14.56,67.35,88.29,1,0,0,0,0,0,0,0,0,0,0,0
2.46,10.58,15.56,50.82,99.42,1,0,0,0,0,0,0,0,0,0,1,0
6.53,12.36,15.77,66.66,81.52,1,0,0,0,0,0,0,0,0,0,0,0
2.37,12.97,13.1,60.94,104.98,1,0,0,0,0,0,0,0,0,0,1,0
5.78,13.39,13.52,60.09,87.73,1,0,0,0,0,0,0,0,0,0,0,0
5.79,10.89,14.19,64.9,77.87,1,0,0,0,0,0,0,0,0,0,0,0
4.28,11.87,15.58,54.69,88.79,1,0,0,0,0,0,0,0,0,0,0,0
5.99,12.8,14.29,68.02,82.18,1,0,0,0,0,0,0,0,0,0,0,0
2.61,10.73,14.48,75.47,77.0,1,0,0,0,0,0,0,0,0,0,0,0
2.9,11.94,13.15,70.66,73.41,1,0,0,0,0,0,0,0,0,0,0,0
4.32,6.37,15.68,60.96,75.52,1,0,0,1,0,0,0,0,0,0,0,0
2.78,10.52,12.46,74.5,79.46,1,0,0,0,0,0,0,0,0,0,0,0
4.13,14.86,15.76,75.74,77.43,1,0,0,0,1,0,0,0,0,0,0,0
6.41,12.18,13.19,58.2,102.29,1,0,0,0,0,0,0,0,0,0,1,0
4.48,13.65,15.05,66.27,43.26,1,0,0,0,0,0,0,0,0,1,0,0
2.94,13.75,11.19,53.97,72.68,1,0,0,0,0,1,0,0,0,0,0,0
4.11,13.84,13.44,62.68,86.24,1,0,0,0,0,0,0,0,0,0,0,0
3.09,12.37,8.53,72.84,84.41,1,0,0,0,0,1,0,0,0,0,0,0
2.62,12.65,13.49,64.29,82.47,1,0,0,0,0,0,0,0,0,0,0,0
3.42,11.78,15.5,51.42,76.52,1,0,0,0,0,0,0,0,0,0,0,0
8.35,10.58,13.28,55.53,77.07,1,0,1,0,0,0,0,0,0,0,0,0
4.62,12.96,13.52,74.22,72.06,1,0,0,0,0,0,0,0,0,0,0,0
1.73,13.2,13.54,51.32,75.91,0,1,0,0,0,0,0,0,0,0,0,1
2.86,12.69,13.98,70.74,70.28,1,0,0,0,0,0,0,0,0,0,0,0
6.06,13.07,15.24,63.17,82.59,1,0,0,0,0,0,0,0,0,0,0,0
2.97,10.46,13.41,61.44,71.05,1,0,0,0,0,0,0,0,0,0,0,0
3.29,11.08,15.13,51.48,83.32,1,0,0,0,0,0,0,0,0,0,0,0
4.5,10.8,13.88,47.12,47.35,1,0,0,0,0,0,0,1,0,1,0,0
2.16,10.27,12.23,71.27,75.9,1,0,0,0,0,0,0,0,0,0,0,0
2.14,13.12,13.97,74.95,71.42,1,0,0,0,0,0,0,0,0,0,0,0
6.54,12.5,12.4,84.0,72.06,1,0,0,0,0,0,0,0,1,0,0,0
6.2,14.43,14.91,60.71,88.93,1,0,0,0,1,0,0,0,0,0,0,0
5.85,11.23,12.72,75.68,73.23,1,0,0,0,0,0,0,0,0,0,0,0
6.04,13.83,14.41,71.55,78.3,1,0,0,0,0,0,0,0,0,0,0,0
4.79,11.27,12.39,69.32,70.85,1,0,0,0,0,0,0,0,0,0,0,0
3.71,11.26,12.14,72.3,88.47,0,0,0,0,0,0,0,0,0,0,0,1
3.28,13.26,13.48,63.36,89.87,1,0,0,0,0,0,0,0,0,0,0,0
3.81,12.7,14.63,114.85,70.18,1,0,0,0,0,0,0,0,1,0,0,0
4.89,11.34,13.45,58.8,72.31,1,0,0,0,0,0,0,0,0,0,0,0
3.65,5.47,18.41,47.84,41.24,1,0,0,1,0,0,1,1,0,1,0,0
5.67,13.24,15.04,75.54,86.11,1,0,0,0,0,0,0,0,0,0,0,0
5.54,11.98,12.85,25.77,79.46,1,0,0,0,0,0,0,1,0,0,0,0
2.3,13.51,12.95,61.03,82.09,1,0,0,0,0,0,0,0,0,0,0,0
6.22,10.55,10.0,54.37,83.22,1,0,0,0,0,1,0,0,0,0,0,0
3.51,17.91,18.25,42.97,128.26,1,0,0,0,1,0,1,1,0,0,1,0
0.87,13.47,13.7,54.79,100.83,1,1,0,0,0,0,0,0,0,0,1,0
2.31,12.92,15.06,70.83,75.49,1,0,0,0,0,0,0,0,0,0,0,0
4.56,12.43,13.34,58.63,76.91,1,0,0,0,0,0,0,0,0,0,0,0
6.68,12.54,14.53,61.67,82.23,1,0,0,0,0,0,0,0,0,0,0,0
4.11,10.5,18.77,58.95,80.23,1,0,0,0,0,0,1,0,0,0,0,0
4.77,11.43,15.82,63.87,76.44,1,0,0,0,0,0,0,0,0,0,0,0
4.45,5.72,12.53,61.36,71.5,1,0,0,1,0,0,0,0,0,0,0,0
2.85,11.5,13.38,52.11,70.92,1,0,0,0,0,0,0,0,0,0,0,0
2.13,12.36,14.98,61.31,81.74,1,0,0,0,0,0,0,0,0,0,0,0
2.35,11.86,15.3,43.86,80.47,1,0,0,0,0,0,0,1,0,0,0,0
5.73,11.05,13.31,69.08,76.88,1,0,0,0,0,0,0,0,0,0,0,0
3.96,12.77,13.43,72.54,70.82,1,0,0,0,0,0,0,0,0,0,0,0
4.73,13.28,12.82,66.52,71.66,1,0,0,0,0,0,0,0,0,0,0,0
5.55,12.48,15.08,58.19,81.24,0,0,0,0,0,0,0,0,0,0,0,1
5.54,16.02,13.15,51.15,70.5,1,0,0,0,1,0,0,0,0,0,0,0
2.39,8.36,15.0,73.37,72.27,1,0,0,1,0,0,0,0,0,0,0,0
4.82,8.94,13.27,56.39,78.42,1,0,0,1,0,0,0,0,0,0,0,0
3.6,13.28,15.21,67.68,55.62,1,0,0,0,0,0,0,0,0,1,0,0
1.71,11.53,12.78,70.71,72.35,1,1,0,0,0,0,0,0,0,0,0,0
6.64,12.13,15.01,56.73,76.54,1,0,0,0,0,0,0,0,0,0,0,0
5.56,16.82,13.57,69.88,73.81,1,0,0,0,1,0,0,0,0,0,0,0
6.42,12.18,14.62,66.76,79.76,1,0,0,0,0,0,0,0,0,0,0,0
4.96,11.77,14.28,68.84,89.28,1,0,0,0,0,0,0,0,0,0,0,0
2.37,10.25,14.96,54.42,75.22,1,0,0,0,0,0,0,0,0,0,0,0
4.11,6.67,13.0,50.54,74.19,1,0,0,1,0,0,0,0,0,0,0,0
4.77,11.78,12.99,51.55,74.25,1,0,0,0,0,0,0,0,0,0,0,0
4.72,12.63,12.56,58.25,70.91,1,0,0,0,0,0,0,0,0,0,0,0
5.49,11.55,14.79,70.21,87.53,1,0,0,0,0,0,0,0,0,0,0,0
5.33,12.26,10.7,56.52,86.32,1,0,0,0,0,1,0,0,0,0,0,0
4.33,13.7,15.01,108.21,73.34,1,0,0,0,0,0,0,0,1,0,0,0
6.0,10.44,14.84,60.29,86.41,1,0,0,0,0,0,0,0,0,0,0,0
6.88,11.45,14.71,62.74,74.08,1,0,0,0,0,0,0,0,0,0,0,0
5.7,13.67,15.8,57.33,75.17,1,0,0,0,0,0,0,0,0,0,0,0
3.27,12.8,13.2,58.24,78.21,1,0,0,0,0,0,0,0,0,0,0,0
5.78,11.54,15.51,63.88,89.9,1,0,0,0,0,0,0,0,0,0,0,0
4.95,9.53,15.42,67.86,83.33,1,0,0,1,0,0,0,0,0,0,0,0
2.7,10.2,13.7,71.85,89.71,1,0,0,0,0,0,0,0,0,0,0,0
5.9,11.61,15.66,75.49,65.95,1,0,0,0,0,0,0,0,0,1,0,0
6.06,10.34,14.23,77.33,78.24,1,0,0,0,0,0,0,0,1,0,0,0
2.65,13.07,13.29,69.63,79.88,1,0,0,0,0,0,0,0,0,0,0,0
8.26,11.39,12.75,70.83,76.95,1,0,1,0,0,0,0,0,0,0,0,0
3.31,11.98,14.27,70.25,73.87,1,0,0,0,0,0,0,0,0,0,0,0
6.22,13.63,15.79,63.73,86.73,1,0,0,0,0,0,0,0,0,0,0,0
2.32,13.24,13.55,59.22,75.89,1,0,0,0,0,0,0,0,0,0,0,0
6.22,10.19,15.27,66.19,88.87,1,0,0,0,0,0,0,0,0,0,0,0
7.63,12.96,13.83,55.44,73.03,1,0,1,0,0,0,0,0,0,0,0,0
6.36,13.35,14.71,65.74,74.7,1,0,0,0,0,0,0,0,0,0,0,0
6.33,11.3,14.19,71.06,73.01,1,0,0,0,0,0,0,0,0,0,0,0
6.14,14.28,14.87,63.94,80.62,1,0,0,0,1,0,0,0,0,0,0,0
2.84,11.44,14.37,51.83,89.36,1,0,0,0,0,0,0,0,0,0,0,0
9.49,10.36,12.74,75.16,81.97,1,0,1,0,0,0,0,0,0,0,0,0
3.79,12.77,14.36,69.14,72.9,1,0,0,0,0,0,0,0,0,0,0,0
5.04,13.77,15.09,51.8,83.31,1,0,0,0,0,0,0,0,0,0,0,0
6.44,8.01,13.35,51.18,84.19,1,0,0,1,0,0,0,0,0,0,0,0
5.54,10.13,13.47,63.89,76.23,1,0,0,0,0,0,0,0,0,0,0,0
5.71,11.37,14.52,74.77,74.64,1,0,0,0,0,0,0,0,0,0,0,0
4.8,14.51,14.21,115.06,64.7,1,0,0,0,1,0,0,0,1,1,0,0
5.01,15.99,14.17,75.75,75.84,1,0,0,0,1,0,0,0,0,0,0,0
8.39,10.99,13.6,63.57,74.8,1,0,1,0,0,0,0,0,0,0,0,0
2.6,10.65,9.95,104.48,77.39,1,0,0,0,0,1,0,0,1,0,0,0
3.59,10.93,13.48,66.64,84.02,0,0,0,0,0,0,0,0,0,0,0,1
3.6,10.29,15.35,74.82,77.59,1,0,0,0,0,0,0,0,0,0,0,0
5.2,13.27,17.95,68.23,74.57,1,0,0,0,0,0,1,0,0,0,0,0
4.24,9.33,16.72,78.8,72.15,1,0,0,1,0,0,1,0,1,0,0,0
6.24,11.64,17.82,51.21,70.73,1,0,0,0,0,0,1,0,0,0,0,0
3.15,8.02,14.86,72.61,85.66,1,0,0,1,0,0,0,0,0,0,0,0
2.24,13.25,13.33,68.52,86.11,1,0,0,0,0,0,0,0,0,0,0,0
2.8,11.86,14.08,64.3,79.3,1,0,0,0,0,0,0,0,0,0,0,0
5.12,14.12,13.81,93.65,103.22,0,0,0,0,1,0,0,0,1,0,1,1
6.54,13.71,14.52,53.56,82.45,1,0,0,0,0,0,0,0,0,0,0,0
4.28,11.83,15.88,74.82,72.91,1,0,0,0,0,0,0,0,0,0,0,0
4.19,12.38,14.38,66.6,71.65,1,0,0,0,0,0,0,0,0,0,0,0
4.39,11.57,14.59,58.42,79.51,1,0,0,0,0,0,0,0,0,0,0,0
6.49,11.07,13.26,64.32,82.1,1,0,0,0,0,0,0,0,0,0,0,0
4.49,11.1,14.01,65.06,71.75,1,0,0,0,0,0,0,0,0,0,0,0
6.26,5.5,13.09,54.27,89.01,1,0,0,1,0,0,0,0,0,0,0,0
5.65,13.8,13.01,75.6,87.26,1,0,0,0,0,0,0,0,0,0,0,0
4.33,12.02,12.19,73.55,83.15,1,0,0,0,0,0,0,0,0,0,0,0
6.23,13.46,12.59,62.82,64.0,1,0,0,0,0,0,0,0,0,1,0,0
5.36,7.25,13.87,68.76,113.05,1,0,0,1,0,0,0,0,0,0,1,0
2.17,11.26,18.93,72.62,77.12,1,0,0,0,0,0,1,0,0,0,0,0
9.58,13.36,14.28,73.08,73.33,1,0,1,0,0,0,0,0,0,0,0,0
5.71,10.4,14.75,64.47,80.79,1,0,0,0,0,0,0,0,0,0,0,0
6.14,11.92,10.09,90.25,42.82,1,0,0,0,0,1,0,0,1,1,0,0
3.79,13.47,12.49,60.44,73.1,1,0,0,0,0,0,0,0,0,0,0,0
4.83,10.22,12.29,51.98,83.8,1,0,0,0,0,0,0,0,0,0,0,0
0.72,14.2,12.68,73.9,66.51,1,1,0,0,1,0,0,0,0,1,0,0
5.74,12.35,14.71,64.95,74.0,1,0,0,0,0,0,0,0,0,0,0,0
4.2,13.65,15.42,73.91,100.16,1,0,0,0,0,0,0,0,0,0,1,0
5.95,13.85,15.49,57.76,66.11,1,0,0,0,0,0,0,0,0,1,0,0
4.56,12.87,12.33,53.28,87.27,1,0,0,0,0,0,0,0,0,0,0,0
3.57,11.36,15.3,68.31,84.55,1,0,0,0,0,0,0,0,0,0,0,0
7.87,10.75,15.02,58.81,82.22,1,0,1,0,0,0,0,0,0,0,0,0
4.26,10.24,14.03,54.16,72.31,1,0,0,0,0,0,0,0,0,0,0,0
4.5,11.82,12.58,75.77,89.89,1,0,0,0,0,0,0,0,0,0,0,0
4.54,11.75,13.77,70.53,85.64,1,0,0,0,0,0,0,0,0,0,0,0
6.52,7.57,17.55,53.92,84.6,1,0,0,1,0,0,1,0,0,0,0,0
6.53,13.8,13.74,58.83,85.66,1,0,0,0,0,0,0,0,0,0,0,0
2.8,12.57,12.14,68.12,80.92,1,0,0,0,0,0,0,0,0,0,0,0
5.13,10.26,13.61,51.93,77.84,1,0,0,0,0,0,0,0,0,0,0,0
3.15,10.54,15.07,63.08,88.18,1,0,0,0,0,0,0,0,0,0,0,0
4.36,12.83,14.03,55.48,80.62,1,0,0,0,0,0,0,0,0,0,0,0
5.02,10.95,12.86,65.48,71.62,1,0,0,0,0,0,0,0,0,0,0,0
4.5,13.36,14.2,64.33,89.33,1,0,0,0,0,0,0,0,0,0,0,0
2.97,15.69,15.56,67.22,87.19,1,0,0,0,1,0,0,0,0,0,0,0
6.23,10.46,12.86,28.24,125.8,1,0,0,0,0,0,0,1,0,0,1,0
2.74,13.55,12.52,64.55,78.34,1,0,0,0,0,0,0,0,0,0,0,0
3.41,11.88,14.88,69.08,78.57,1,0,0,0,0,0,0,0,0,0,0,0
3.38,12.34,15.73,56.5,72.58,0,0,0,0,0,0,0,0,0,0,0,1
2.54,10.63,14.79,58.28,82.21,1,0,0,0,0,0,0,0,0,0,0,0
5.97,10.92,12.65,58.82,72.28,1,0,0,0,0,0,0,0,0,0,0,0
3.12,10.93,15.66,62.94,86.97,1,0,0,0,0,0,0,0,0,0,0,0
5.23,10.54,14.95,63.54,70.72,1,0,0,0,0,0,0,0,0,0,0,0
3.55,11.25,12.9,66.19,80.2,1,0,0,0,0,0,0,0,0,0,0,0
2.88,11.31,12.3,74.37,83.86,1,0,0,0,0,0,0,0,0,0,0,0
6.42,13.11,14.33,63.39,70.61,1,0,0,0,0,0,0,0,0,0,0,0
2.97,13.2,12.24,69.39,113.04,1,0,0,0,0,0,0,0,0,0,1,0
4.31,10.79,12.49,56.4,71.98,1,0,0,0,0,0,0,0,0,0,0,0
3.27,11.56,14.67,57.95,81.29,1,0,0,0,0,0,0,0,0,0,0,0
3.04,11.39,15.04,55.94,77.6,1,0,0,0,0,0,0,0,0,0,0,0
3.72,12.38,12.64,65.43,81.72,1,0,0,0,0,0,0,0,0,0,0,0
5.15,10.29,13.89,69.25,85.46,1,0,0,0,0,0,0,0,0,0,0,0
3.09,11.27,15.85,62.16,74.01,1,0,0,0,0,0,0,0,0,0,0,0
5.39,12.97,12.96,63.02,84.17,1,0,0,0,0,0,0,0,0,0,0,0
5.92,11.12,14.76,59.5,52.37,1,0,0,0,0,0,0,0,0,1,0,0
2.16,12.4,14.64,69.49,84.35,1,0,0,0,0,0,0,0,0,0,0,0
6.03,13.52,13.15,69.58,72.09,1,0,0,0,0,0,0,0,0,0,0,0
2.97,10.16,14.84,62.26,83.0,1,0,0,0,0,0,0,0,0,0,0,0
3.27,12.14,13.69,60.64,83.59,1,0,0,0,0,0,0,0,0,0,0,0
5.89,11.88,12.47,53.14,83.59,1,0,0,0,0,0,0,0,0,0,0,0
2.28,7.64,12.6,66.89,72.63,1,0,0,1,0,0,0,0,0,0,0,0
5.52,10.12,13.14,63.2,70.78,1,0,0,0,0,0,0,0,0,0,0,0
5.98,13.85,13.24,70.21,85.64,1,0,0,0,0,0,0,0,0,0,0,0
6.18,11.42,14.45,50.16,78.34,1,0,0,0,0,0,0,0,0,0,0,0
4.42,5.43,13.9,62.43,78.01,1,0,0,1,0,0,0,0,0,0,0,0
3.75,13.63,12.37,72.87,75.43,1,0,0,0,0,0,0,0,0,0,0,0
6.83,11.56,13.49,53.28,83.02,1,0,0,0,0,0,0,0,0,0,0,0
6.85,10.22,12.12,83.93,81.79,1,0,0,0,0,0,0,0,1,0,0,0
5.17,10.76,15.23,68.21,70.96,1,0,0,0,0,0,0,0,0,0,0,0
6.64,13.01,13.47,66.73,88.32,1,0,0,0,0,0,0,0,0,0,0,0
0.54,8.04,17.05,50.34,100.67,1,1,0,1,0,0,1,0,0,0,1,0
6.53,13.66,13.28,58.22,87.54,1,0,0,0,0,0,0,0,0,0,0,0
5.07,12.42,15.26,60.8,77.44,1,0,0,0,0,0,0,0,0,0,0,0
5.85,13.76,17.72,54.11,76.72,1,0,0,0,0,0,1,0,0,0,0,0
4.5,12.61,13.85,73.73,76.73,1,0,0,0,0,0,0,0,0,0,0,0
2.85,13.81,13.2,52.55,88.95,1,0,0,0,0,0,0,0,0,0,0,0
6.86,10.3,13.72,75.17,88.01,1,0,0,0,0,0,0,0,0,0,0,0
4.53,13.28,15.67,56.57,79.79,1,0,0,0,0,0,0,0,0,0,0,0
6.1,11.02,15.1,71.72,89.85,1,0,0,0,0,0,0,0,0,0,0,0
2.98,11.23,15.52,69.83,77.74,1,0,0,0,0,0,0,0,0,0,0,0
4.11,10.83,15.61,66.92,87.37,0,0,0,0,0,0,0,0,0,0,0,1
5.53,13.67,13.08,54.12,73.69,1,0,0,0,0,0,0,0,0,0,0,0
3.48,10.68,12.75,115.87,74.89,1,0,0,0,0,0,0,0,1,0,0,0
6.31,5.89,19.25,63.09,72.49,1,0,0,1,0,0,1,0,0,0,0,0
6.31,12.28,12.77,55.36,73.48,1,0,0,0,0,0,0,0,0,0,0,0
3.39,13.23,15.11,59.59,79.6,1,0,0,0,0,0,0,0,0,0,0,0
2.13,12.15,12.61,75.38,83.15,1,0,0,0,0,0,0,0,0,0,0,0
5.16,13.67,13.05,57.88,77.43,1,0,0,0,0,0,0,0,0,0,0,0
6.84,13.16,14.74,59.38,111.47,1,0,0,0,0,0,0,0,0,0,1,0
4.55,11.37,15.44,54.83,70.39,1,0,0,0,0,0,0,0,0,0,0,0
5.56,10.38,13.22,74.76,78.11,1,0,0,0,0,0,0,0,0,0,0,0
8.27,11.84,15.77,59.07,78.57,1,0,1,0,0,0,0,0,0,0,0,0
5.37,12.86,14.81,59.0,83.81,1,0,0,0,0,0,0,0,0,0,0,0
6.34,12.9,13.3,53.39,79.66,1,0,0,0,0,0,0,0,0,0,0,0
3.67,11.69,14.94,74.82,72.4,1,0,0,0,0,0,0,0,0,0,0,0
4.22,12.41,13.33,59.37,88.27,0,0,0,0,0,0,0,0,0,0,0,1
3.57,10.49,13.57,72.54,78.19,1,0,0,0,0,0,0,0,0,0,0,0
3.51,11.16,15.69,70.51,71.59,1,0,0,0,0,0,0,0,0,0,0,0
5.63,13.69,13.33,65.64,73.9,1,0,0,0,0,0,0,0,0,0,0,0
2.56,10.52,14.48,63.02,88.19,1,0,0,0,0,0,0,0,0,0,0,0
4.01,11.86,13.24,60.66,72.8,1,0,0,0,0,0,0,0,0,0,0,0
6.65,12.62,12.98,65.84,89.64,1,0,0,0,0,0,0,0,0,0,0,0
4.37,11.45,19.69,74.75,84.62,1,0,0,0,0,0,1,0,0,0,0,0
4.7,10.53,12.22,61.54,88.74,0,0,0,0,0,0,0,0,0,0,0,1
0.63,12.63,14.53,64.82,78.67,1,1,0,0,0,0,0,0,0,0,0,0
5.25,11.72,14.95,55.19,86.56,1,0,0,0,0,0,0,0,0,0,0,0
3.29,10.35,14.87,61.28,82.81,1,0,0,0,0,0,0,0,0,0,0,0
4.58,8.29,9.55,89.27,74.89,1,0,0,1,0,1,0,0,1,0,0,0
4.07,10.73,15.27,70.98,77.21,1,0,0,0,0,0,0,0,0,0,0,0
3.34,13.2,13.49,55.79,84.94,1,0,0,0,0,0,0,0,0,0,0,0
2.53,12.09,15.44,60.32,85.57,1,0,0,0,0,0,0,0,0,0,0,0
2.69,10.38,12.64,117.89,81.64,1,0,0,0,0,0,0,0,1,0,0,0
2.68,10.46,14.43,71.51,75.54,1,0,0,0,0,0,0,0,0,0,0,0
5.45,10.17,17.76,51.43,113.06,0,0,0,0,0,0,1,0,0,0,1,1
4.2,10.97,15.84,66.35,82.85,1,0,0,0,0,0,0,0,0,0,0,0
4.83,10.95,12.79,62.67,72.68,1,0,0,0,0,0,0,0,0,0,0,0
4.16,16.18,19.08,51.06,124.79,0,0,0,0,1,0,1,0,0,0,1,1
4.96,10.13,13.81,74.91,83.67,1,0,0,0,0,0,0,0,0,0,0,0
3.36,13.85,15.37,64.46,84.57,1,0,0,0,0,0,0,0,0,0,0,0
6.03,11.65,13.64,54.78,89.49,1,0,0,0,0,0,0,0,0,0,0,0
5.43,12.53,14.59,54.97,86.78,1,0,0,0,0,0,0,0,0,0,0,0
6.16,12.83,12.53,56.86,63.54,1,0,0,0,0,0,0,0,0,1,0,0
3.67,10.13,15.72,70.74,86.49,1,0,0,0,0,0,0,0,0,0,0,0
2.25,12.95,12.27,54.05,71.75,1,0,0,0,0,0,0,0,0,0,0,0
4.34,12.38,12.34,30.67,76.06,1,0,0,0,0,0,0,1,0,0,0,0
2.37,13.4,12.1,63.89,72.68,1,0,0,0,0,0,0,0,0,0,0,0
2.27,12.49,13.49,63.0,77.19,0,0,0,0,0,0,0,0,0,0,0,1
8.59,5.75,12.52,52.83,87.32,1,0,1,1,0,0,0,0,0,0,0,0
4.28,11.19,17.19,75.8,76.68,1,0,0,0,0,0,1,0,0,0,0,0
3.85,11.78,13.36,40.55,110.36,0,0,0,0,0,0,0,1,0,0,1,1
6.21,13.36,13.7,57.76,76.34,1,0,0,0,0,0,0,0,0,0,0,0
5.96,12.87,13.97,74.51,75.54,1,0,0,0,0,0,0,0,0,0,0,0
4.33,13.59,14.4,69.92,83.75,1,0,0,0,0,0,0,0,0,0,0,0
4.7,13.12,12.37,57.3,79.41,1,0,0,0,0,0,0,0,0,0,0,0
6.28,10.53,15.6,57.86,82.02,1,0,0,0,0,0,0,0,0,0,0,0
2.67,12.94,15.3,52.66,83.55,1,0,0,0,0,0,0,0,0,0,0,0
6.26,10.61,14.53,57.74,70.77,1,0,0,0,0,0,0,0,0,0,0,0
5.59,8.51,15.36,73.43,84.07,1,0,0,1,0,0,0,0,0,0,0,0
6.62,12.67,12.23,55.84,122.98,1,0,0,0,0,0,0,0,0,0,1,0
3.49,13.02,12.8,52.3,78.73,1,0,0,0,0,0,0,0,0,0,0,0
2.14,11.88,14.12,58.67,77.83,1,0,0,0,0,0,0,0,0,0,0,0
4.58,12.79,15.63,51.19,76.84,1,0,0,0,0,0,0,0,0,0,0,0
5.62,10.2,13.39,64.31,80.46,1,0,0,0,0,0,0,0,0,0,0,0
4.06,12.35,13.13,61.6,85.52,1,0,0,0,0,0,0,0,0,0,0,0
4.01,11.57,15.4,59.17,119.16,1,0,0,0,0,0,0,0,0,0,1,0
6.08,13.22,13.09,72.51,74.02,1,0,0,0,0,0,0,0,0,0,0,0
4.22,12.09,15.74,72.85,71.47,1,0,0,0,0,0,0,0,0,0,0,0
5.86,13.25,13.22,70.64,80.97,1,0,0,0,0,0,0,0,0,0,0,0
5.24,13.85,15.27,53.1,87.82,1,0,0,0,0,0,0,0,0,0,0,0
2.37,13.43,15.83,45.99,86.08,1,0,0,0,0,0,0,1,0,0,0,0
6.72,10.64,12.29,51.93,87.08,1,0,0,0,0,0,0,0,0,0,0,0
6.49,11.03,15.71,68.82,87.79,1,0,0,0,0,0,0,0,0,0,0,0
2.42,10.32,13.98,51.69,82.56,1,0,0,0,0,0,0,0,0,0,0,0
3.6,12.25,9.02,60.93,51.99,1,0,0,0,0,1,0,0,0,1,0,0
2.72,10.67,10.11,60.94,44.86,1,0,0,0,0,1,0,0,0,1,0,0
4.12,12.28,14.91,55.3,75.41,1,0,0,0,0,0,0,0,0,0,0,0
5.63,10.48,12.25,73.62,86.65,1,0,0,0,0,0,0,0,0,0,0,0
